"species","decimalLongitude","decimalLatitude","year","coordinateUncertaintyInMeters","basisOfRecord"
"Parthenium hysterophorus",82.364006,17.866772,2020,NA,"HUMAN_OBSERVATION"
"Parthenium hysterophorus",79.107502,11.000418,2020,7,"HUMAN_OBSERVATION"
"Parthenium hysterophorus",87.020865,21.616631,2020,29,"HUMAN_OBSERVATION"
"Parthenium hysterophorus",78.677294,10.816161,2020,NA,"HUMAN_OBSERVATION"
"Parthenium hysterophorus",79.975266,14.435601,2020,NA,"HUMAN_OBSERVATION"
"Parthenium hysterophorus",77.50699,21.21623,2020,NA,"HUMAN_OBSERVATION"
"Parthenium hysterophorus",78.83384,13.180866,2020,NA,"HUMAN_OBSERVATION"
"Parthenium hysterophorus",77.561019,13.067099,2020,9,"HUMAN_OBSERVATION"
"Parthenium hysterophorus",75.46597,18.489973,2020,NA,"HUMAN_OBSERVATION"
"Parthenium hysterophorus",82.37146,17.864489,2020,NA,"HUMAN_OBSERVATION"
"Parthenium hysterophorus",87.752418,22.391904,2020,73,"HUMAN_OBSERVATION"
"Parthenium hysterophorus",81.820587,20.276697,2020,NA,"HUMAN_OBSERVATION"
"Parthenium hysterophorus",83.005012,25.004903,2020,NA,"HUMAN_OBSERVATION"
"Parthenium hysterophorus",77.779482,17.659207,2020,8,"HUMAN_OBSERVATION"
"Parthenium hysterophorus",79.154324,17.827997,2020,NA,"HUMAN_OBSERVATION"
"Parthenium hysterophorus",75.308442,22.602636,2020,NA,"HUMAN_OBSERVATION"
"Parthenium hysterophorus",87.752418,22.391904,2020,46,"HUMAN_OBSERVATION"
"Parthenium hysterophorus",75.570659,21.040874,2020,9,"HUMAN_OBSERVATION"
"Parthenium hysterophorus",78.98512,21.1599,2020,129,"HUMAN_OBSERVATION"
"Parthenium hysterophorus",77.645944,11.338168,2020,NA,"HUMAN_OBSERVATION"
"Parthenium hysterophorus",81.86194,25.467494,2020,68,"HUMAN_OBSERVATION"
"Parthenium hysterophorus",79.727196,18.151903,2020,NA,"HUMAN_OBSERVATION"
"Parthenium hysterophorus",78.985756,21.160745,2020,5,"HUMAN_OBSERVATION"
"Parthenium hysterophorus",86.641113,23.688899,2020,NA,"HUMAN_OBSERVATION"
"Parthenium hysterophorus",70.436773,21.342761,2020,9,"HUMAN_OBSERVATION"
"Parthenium hysterophorus",84.144998,25.766641,2020,NA,"HUMAN_OBSERVATION"
"Parthenium hysterophorus",79.780464,26.194633,2020,NA,"HUMAN_OBSERVATION"
"Parthenium hysterophorus",75.46597,18.489973,2020,NA,"HUMAN_OBSERVATION"
"Parthenium hysterophorus",75.983877,12.411611,2020,NA,"HUMAN_OBSERVATION"
"Parthenium hysterophorus",75.983877,12.411611,2020,NA,"HUMAN_OBSERVATION"
"Parthenium hysterophorus",75.308442,22.602636,2020,NA,"HUMAN_OBSERVATION"
"Parthenium hysterophorus",79.162632,15.002805,2020,NA,"HUMAN_OBSERVATION"
"Parthenium hysterophorus",80.770926,27.929097,2020,NA,"HUMAN_OBSERVATION"
"Parthenium hysterophorus",75.936646,22.705824,2020,NA,"HUMAN_OBSERVATION"
"Parthenium hysterophorus",83.003904,25.276908,2020,NA,"HUMAN_OBSERVATION"
"Parthenium hysterophorus",70.840851,22.176607,2020,8,"HUMAN_OBSERVATION"
"Parthenium hysterophorus",80.427229,16.331184,2020,NA,"HUMAN_OBSERVATION"
"Parthenium hysterophorus",83.008109,25.359368,2020,NA,"HUMAN_OBSERVATION"
"Parthenium hysterophorus",81.747562,22.803027,2020,78,"HUMAN_OBSERVATION"
"Parthenium hysterophorus",77.207904,28.69455,2020,65,"HUMAN_OBSERVATION"
"Parthenium hysterophorus",85.096356,25.639699,2020,NA,"HUMAN_OBSERVATION"
"Parthenium hysterophorus",76.428288,29.120578,2020,NA,"HUMAN_OBSERVATION"
"Parthenium hysterophorus",81.842072,25.452433,2020,NA,"HUMAN_OBSERVATION"
"Parthenium hysterophorus",76.81972,30.677934,2020,9,"HUMAN_OBSERVATION"
"Parthenium hysterophorus",74.847641,31.663608,2020,65,"HUMAN_OBSERVATION"
"Parthenium hysterophorus",76.472515,30.968765,2020,50,"HUMAN_OBSERVATION"
"Parthenium hysterophorus",73.985023,19.26453,2020,NA,"HUMAN_OBSERVATION"
"Parthenium hysterophorus",74.847587,31.663484,2020,65,"HUMAN_OBSERVATION"
"Parthenium hysterophorus",83.00326,25.276242,2020,NA,"HUMAN_OBSERVATION"
"Parthenium hysterophorus",78.627621,13.251689,2020,NA,"HUMAN_OBSERVATION"
"Parthenium hysterophorus",84.901016,25.110268,2020,NA,"HUMAN_OBSERVATION"
"Parthenium hysterophorus",77.208983,28.67945,2020,6,"HUMAN_OBSERVATION"
"Parthenium hysterophorus",74.02034,18.329529,2020,NA,"HUMAN_OBSERVATION"
"Parthenium hysterophorus",73.216836,25.105273,2020,31,"HUMAN_OBSERVATION"
"Parthenium hysterophorus",76.267088,18.054769,2020,9,"HUMAN_OBSERVATION"
"Parthenium hysterophorus",85.854541,25.635125,2020,NA,"HUMAN_OBSERVATION"
"Parthenium hysterophorus",77.84738,10.863617,2020,NA,"HUMAN_OBSERVATION"
"Parthenium hysterophorus",77.333699,28.520551,2020,NA,"HUMAN_OBSERVATION"
"Parthenium hysterophorus",85.324346,25.06747,2020,26,"HUMAN_OBSERVATION"
"Parthenium hysterophorus",80.864243,25.257132,2020,NA,"HUMAN_OBSERVATION"
"Parthenium hysterophorus",75.692222,32.136944,2020,NA,"HUMAN_OBSERVATION"
"Parthenium hysterophorus",77.958696,26.482077,2020,NA,"HUMAN_OBSERVATION"
"Parthenium hysterophorus",77.679717,9.57481,2020,NA,"HUMAN_OBSERVATION"
"Parthenium hysterophorus",77.36971,28.39851,2020,NA,"HUMAN_OBSERVATION"
"Parthenium hysterophorus",75.434509,29.511794,2020,NA,"HUMAN_OBSERVATION"
"Parthenium hysterophorus",86.861712,24.641056,2020,NA,"HUMAN_OBSERVATION"
"Parthenium hysterophorus",77.632222,8.165,2020,NA,"HUMAN_OBSERVATION"
"Parthenium hysterophorus",86.527599,23.712778,2020,NA,"HUMAN_OBSERVATION"
"Parthenium hysterophorus",78.384756,24.670088,2020,NA,"HUMAN_OBSERVATION"
"Parthenium hysterophorus",84.871193,19.323403,2020,NA,"HUMAN_OBSERVATION"
"Parthenium hysterophorus",86.526768,23.707791,2020,8,"HUMAN_OBSERVATION"
"Parthenium hysterophorus",77.47753,10.385433,2020,5,"HUMAN_OBSERVATION"
"Parthenium hysterophorus",76.645088,27.589363,2020,NA,"HUMAN_OBSERVATION"
"Parthenium hysterophorus",86.99609,22.98781,2020,72,"HUMAN_OBSERVATION"
"Parthenium hysterophorus",74.245993,18.845675,2020,5,"HUMAN_OBSERVATION"
"Parthenium hysterophorus",77.320286,28.610299,2020,22,"HUMAN_OBSERVATION"
"Parthenium hysterophorus",77.495388,23.213956,2020,26,"HUMAN_OBSERVATION"
"Parthenium hysterophorus",80.0283,16.237233,2020,4,"HUMAN_OBSERVATION"
"Parthenium hysterophorus",77.725357,16.599653,2020,NA,"HUMAN_OBSERVATION"
"Parthenium hysterophorus",85.569411,24.899672,2020,NA,"HUMAN_OBSERVATION"
"Parthenium hysterophorus",76.050541,17.291599,2020,NA,"HUMAN_OBSERVATION"
"Parthenium hysterophorus",79.759827,15.034174,2020,NA,"HUMAN_OBSERVATION"
"Parthenium hysterophorus",83.406175,18.10492,2020,NA,"HUMAN_OBSERVATION"
"Parthenium hysterophorus",88.701155,23.174613,2020,34,"HUMAN_OBSERVATION"
"Parthenium hysterophorus",78.681647,18.34352,2020,8,"HUMAN_OBSERVATION"
"Parthenium hysterophorus",76.788617,30.758626,2020,NA,"HUMAN_OBSERVATION"
"Parthenium hysterophorus",76.409123,29.127165,2020,NA,"HUMAN_OBSERVATION"
"Parthenium hysterophorus",81.674728,21.307409,2020,NA,"HUMAN_OBSERVATION"
"Parthenium hysterophorus",84.452219,24.851597,2020,26,"HUMAN_OBSERVATION"
"Parthenium hysterophorus",83.633545,18.45538,2020,147,"HUMAN_OBSERVATION"
"Parthenium hysterophorus",84.889388,22.24496,2020,9,"HUMAN_OBSERVATION"
"Parthenium hysterophorus",82.950728,25.358335,2020,NA,"HUMAN_OBSERVATION"
"Parthenium hysterophorus",82.117465,25.574115,2020,NA,"HUMAN_OBSERVATION"
"Parthenium hysterophorus",78.79136,16.374492,2020,NA,"HUMAN_OBSERVATION"
"Parthenium hysterophorus",82.178499,25.921768,2020,NA,"HUMAN_OBSERVATION"
"Parthenium hysterophorus",83.793158,24.155756,2020,NA,"HUMAN_OBSERVATION"
"Parthenium hysterophorus",79.803934,25.663458,2020,NA,"HUMAN_OBSERVATION"
"Parthenium hysterophorus",88.700579,23.173665,2020,4,"HUMAN_OBSERVATION"
"Parthenium hysterophorus",82.08655,25.59318,2020,NA,"HUMAN_OBSERVATION"
"Parthenium hysterophorus",83.039547,24.204448,2020,10,"HUMAN_OBSERVATION"
"Parthenium hysterophorus",73.904867,18.498566,2020,13,"HUMAN_OBSERVATION"
"Parthenium hysterophorus",83.793158,24.155756,2020,NA,"HUMAN_OBSERVATION"
"Parthenium hysterophorus",76.613182,12.285852,2020,NA,"HUMAN_OBSERVATION"
"Parthenium hysterophorus",76.313002,14.278804,2020,5,"HUMAN_OBSERVATION"
"Parthenium hysterophorus",84.674554,25.672264,2020,NA,"HUMAN_OBSERVATION"
"Parthenium hysterophorus",85.667423,24.964634,2020,NA,"HUMAN_OBSERVATION"
"Parthenium hysterophorus",77.443889,9.416667,2020,NA,"HUMAN_OBSERVATION"
"Parthenium hysterophorus",75.108611,16.48,2020,NA,"HUMAN_OBSERVATION"
"Parthenium hysterophorus",86.181072,22.253242,2020,NA,"HUMAN_OBSERVATION"
"Parthenium hysterophorus",83.476524,20.697484,2020,NA,"HUMAN_OBSERVATION"
"Parthenium hysterophorus",86.150852,24.365142,2020,NA,"HUMAN_OBSERVATION"
"Parthenium hysterophorus",77.008181,11.058757,2020,NA,"HUMAN_OBSERVATION"
"Parthenium hysterophorus",87.712797,23.215268,2020,NA,"HUMAN_OBSERVATION"
"Parthenium hysterophorus",75.103454,22.146559,2020,13,"HUMAN_OBSERVATION"
"Parthenium hysterophorus",82.21503,26.223806,2020,NA,"HUMAN_OBSERVATION"
"Parthenium hysterophorus",82.08729,16.603351,2020,NA,"HUMAN_OBSERVATION"
"Parthenium hysterophorus",77.886962,27.920946,2020,NA,"HUMAN_OBSERVATION"
"Parthenium hysterophorus",79.19857,22.842575,2020,NA,"HUMAN_OBSERVATION"
"Parthenium hysterophorus",82.158615,26.784842,2020,NA,"HUMAN_OBSERVATION"
"Parthenium hysterophorus",80.547838,22.097259,2020,NA,"HUMAN_OBSERVATION"
"Parthenium hysterophorus",86.145914,23.651218,2020,12,"HUMAN_OBSERVATION"
"Parthenium hysterophorus",87.152778,23.283333,2020,NA,"HUMAN_OBSERVATION"
"Parthenium hysterophorus",83.181942,26.052216,2020,4,"HUMAN_OBSERVATION"
"Parthenium hysterophorus",82.789985,25.989232,2020,19,"HUMAN_OBSERVATION"
"Parthenium hysterophorus",76.703098,9.689477,2020,9,"HUMAN_OBSERVATION"
"Parthenium hysterophorus",80.361264,26.420083,2020,NA,"HUMAN_OBSERVATION"
"Parthenium hysterophorus",83.181942,26.052216,2020,4,"HUMAN_OBSERVATION"
"Parthenium hysterophorus",72.128341,24.098281,2020,6,"HUMAN_OBSERVATION"
"Parthenium hysterophorus",83.329328,25.874945,2020,NA,"HUMAN_OBSERVATION"
"Parthenium hysterophorus",77.80627,13.006865,2020,12,"HUMAN_OBSERVATION"
"Parthenium hysterophorus",83.476524,20.697484,2020,NA,"HUMAN_OBSERVATION"
"Parthenium hysterophorus",78.532101,17.490308,2020,22,"HUMAN_OBSERVATION"
"Parthenium hysterophorus",77.22525,10.541661,2020,NA,"HUMAN_OBSERVATION"
"Parthenium hysterophorus",76.601738,28.201143,2020,NA,"HUMAN_OBSERVATION"
"Parthenium hysterophorus",78.778955,25.429259,2020,NA,"HUMAN_OBSERVATION"
"Parthenium hysterophorus",75.629757,29.444535,2020,11,"HUMAN_OBSERVATION"
"Parthenium hysterophorus",76.601738,28.201143,2020,NA,"HUMAN_OBSERVATION"
"Parthenium hysterophorus",75.69989,14.581599,2020,NA,"HUMAN_OBSERVATION"
"Parthenium hysterophorus",76.394444,30.308333,2020,NA,"HUMAN_OBSERVATION"
"Parthenium hysterophorus",80.962039,26.74955,2020,NA,"HUMAN_OBSERVATION"
"Parthenium hysterophorus",88.255779,26.411962,2020,NA,"HUMAN_OBSERVATION"
"Parthenium hysterophorus",77.285164,29.101184,2020,NA,"HUMAN_OBSERVATION"
"Parthenium hysterophorus",77.225967,28.712509,2020,NA,"HUMAN_OBSERVATION"
"Parthenium hysterophorus",73.874425,18.538787,2020,2,"HUMAN_OBSERVATION"
"Parthenium hysterophorus",86.206479,20.761262,2020,NA,"HUMAN_OBSERVATION"
"Parthenium hysterophorus",82.82649,27.055012,2020,5,"HUMAN_OBSERVATION"
"Parthenium hysterophorus",87.405235,22.398598,2020,NA,"HUMAN_OBSERVATION"
"Parthenium hysterophorus",77.694844,13.020144,2020,NA,"HUMAN_OBSERVATION"
"Parthenium hysterophorus",87.021704,25.265635,2020,41,"HUMAN_OBSERVATION"
"Parthenium hysterophorus",76.592347,28.867108,2020,NA,"HUMAN_OBSERVATION"
"Parthenium hysterophorus",78.898985,28.408994,2020,10,"HUMAN_OBSERVATION"
"Parthenium hysterophorus",77.640223,12.768296,2020,NA,"HUMAN_OBSERVATION"
"Parthenium hysterophorus",77.057346,22.332086,2020,NA,"HUMAN_OBSERVATION"
"Parthenium hysterophorus",80.476278,28.08458,2020,NA,"HUMAN_OBSERVATION"
"Parthenium hysterophorus",78.361638,17.434143,2020,NA,"HUMAN_OBSERVATION"
"Parthenium hysterophorus",70.41,21.5,2020,NA,"HUMAN_OBSERVATION"
"Parthenium hysterophorus",86.172614,22.808691,2020,NA,"HUMAN_OBSERVATION"
"Parthenium hysterophorus",83.14661,18.644784,2020,NA,"HUMAN_OBSERVATION"
"Parthenium hysterophorus",75.650084,30.813945,2020,NA,"HUMAN_OBSERVATION"
"Parthenium hysterophorus",82.732262,17.767073,2020,NA,"HUMAN_OBSERVATION"
"Parthenium hysterophorus",77.957982,19.200356,2020,NA,"HUMAN_OBSERVATION"
"Parthenium hysterophorus",75.811051,26.865528,2020,NA,"HUMAN_OBSERVATION"
"Parthenium hysterophorus",77.057585,28.434927,2020,NA,"HUMAN_OBSERVATION"
"Parthenium hysterophorus",77.763268,12.999813,2020,NA,"HUMAN_OBSERVATION"
"Parthenium hysterophorus",82.633161,26.558892,2020,32,"HUMAN_OBSERVATION"
"Parthenium hysterophorus",78.954809,17.940885,2020,NA,"HUMAN_OBSERVATION"
"Parthenium hysterophorus",88.262444,24.118817,2020,NA,"HUMAN_OBSERVATION"
"Parthenium hysterophorus",79.532353,16.850566,2020,10,"HUMAN_OBSERVATION"
"Parthenium hysterophorus",75.837086,30.900943,2020,30,"HUMAN_OBSERVATION"
"Parthenium hysterophorus",75.641273,15.113273,2020,10,"HUMAN_OBSERVATION"
"Parthenium hysterophorus",85.63047,20.174457,2020,5,"HUMAN_OBSERVATION"
"Parthenium hysterophorus",76.564302,28.995735,2020,NA,"HUMAN_OBSERVATION"
"Parthenium hysterophorus",83.124855,25.281298,2020,NA,"HUMAN_OBSERVATION"
"Parthenium hysterophorus",83.14661,18.644784,2020,NA,"HUMAN_OBSERVATION"
"Parthenium hysterophorus",85.63047,20.174457,2020,5,"HUMAN_OBSERVATION"
"Parthenium hysterophorus",77.737855,12.92021,2020,NA,"HUMAN_OBSERVATION"
"Parthenium hysterophorus",88.400179,22.58809,2020,NA,"HUMAN_OBSERVATION"
"Parthenium hysterophorus",77.766129,13.003483,2020,NA,"HUMAN_OBSERVATION"
"Parthenium hysterophorus",82.421583,25.821755,2020,9,"HUMAN_OBSERVATION"
"Parthenium hysterophorus",77.957982,19.200356,2020,NA,"HUMAN_OBSERVATION"
"Parthenium hysterophorus",82.591863,25.83621,2020,10,"HUMAN_OBSERVATION"
"Parthenium hysterophorus",82.712969,18.819067,2020,NA,"HUMAN_OBSERVATION"
"Parthenium hysterophorus",82.712969,18.819067,2020,NA,"HUMAN_OBSERVATION"
"Parthenium hysterophorus",78.62019,27.663605,2020,NA,"HUMAN_OBSERVATION"
"Parthenium hysterophorus",75.275429,18.280062,2020,NA,"HUMAN_OBSERVATION"
"Parthenium hysterophorus",77.053574,28.59816,2020,NA,"HUMAN_OBSERVATION"
"Parthenium hysterophorus",75.253555,19.831747,2020,NA,"HUMAN_OBSERVATION"
"Parthenium hysterophorus",84.226727,20.486362,2020,NA,"HUMAN_OBSERVATION"
"Parthenium hysterophorus",83.471288,24.295623,2020,NA,"HUMAN_OBSERVATION"
"Parthenium hysterophorus",77.402322,28.294942,2020,NA,"HUMAN_OBSERVATION"
"Parthenium hysterophorus",78.219593,26.252212,2020,NA,"HUMAN_OBSERVATION"
"Parthenium hysterophorus",78.287049,18.787549,2020,NA,"HUMAN_OBSERVATION"
"Parthenium hysterophorus",76.352278,13.956013,2020,13,"HUMAN_OBSERVATION"
"Parthenium hysterophorus",75.275429,18.280062,2020,NA,"HUMAN_OBSERVATION"
"Parthenium hysterophorus",75.641273,15.113273,2020,10,"HUMAN_OBSERVATION"
"Parthenium hysterophorus",82.253067,25.659297,2020,NA,"HUMAN_OBSERVATION"
"Parthenium hysterophorus",76.124581,20.107426,2020,NA,"HUMAN_OBSERVATION"
"Parthenium hysterophorus",76.908428,11.043519,2020,31,"HUMAN_OBSERVATION"
"Parthenium hysterophorus",74.602166,18.182037,2020,9,"HUMAN_OBSERVATION"
"Parthenium hysterophorus",78.834406,29.267744,2020,14,"HUMAN_OBSERVATION"
"Parthenium hysterophorus",77.089552,27.919772,2020,10,"HUMAN_OBSERVATION"
"Parthenium hysterophorus",76.570719,31.1754,2020,11,"HUMAN_OBSERVATION"
"Parthenium hysterophorus",85.319266,23.428574,2020,9,"HUMAN_OBSERVATION"
"Parthenium hysterophorus",80.036944,12.871389,2020,NA,"HUMAN_OBSERVATION"
"Parthenium hysterophorus",76.413101,20.351149,2020,NA,"HUMAN_OBSERVATION"
"Parthenium hysterophorus",82.458993,17.313295,2020,NA,"HUMAN_OBSERVATION"
"Parthenium hysterophorus",77.766129,13.003483,2020,NA,"HUMAN_OBSERVATION"
"Parthenium hysterophorus",87.264841,24.280215,2020,NA,"HUMAN_OBSERVATION"
"Parthenium hysterophorus",85.801111,20.324167,2020,NA,"HUMAN_OBSERVATION"
"Parthenium hysterophorus",77.783372,24.507794,2020,NA,"HUMAN_OBSERVATION"
"Parthenium hysterophorus",82.691301,26.384713,2020,NA,"HUMAN_OBSERVATION"
"Parthenium hysterophorus",78.724415,12.629274,2020,NA,"HUMAN_OBSERVATION"
"Parthenium hysterophorus",70.464577,21.074444,2020,NA,"HUMAN_OBSERVATION"
"Parthenium hysterophorus",78.517245,17.404837,2020,NA,"HUMAN_OBSERVATION"
"Parthenium hysterophorus",78.517245,17.404837,2020,NA,"HUMAN_OBSERVATION"
"Parthenium hysterophorus",80.781651,24.384634,2020,7,"HUMAN_OBSERVATION"
"Parthenium hysterophorus",79.065741,27.62264,2020,NA,"HUMAN_OBSERVATION"
"Parthenium hysterophorus",77.402311,28.294899,2020,NA,"HUMAN_OBSERVATION"
"Parthenium hysterophorus",70.464577,21.074444,2020,NA,"HUMAN_OBSERVATION"
"Parthenium hysterophorus",76.729905,30.681156,2020,51,"HUMAN_OBSERVATION"
"Parthenium hysterophorus",76.134351,16.344786,2020,NA,"HUMAN_OBSERVATION"
"Parthenium hysterophorus",76.48906,31.163471,2020,NA,"HUMAN_OBSERVATION"
"Parthenium hysterophorus",80.461333,22.315364,2020,NA,"HUMAN_OBSERVATION"
"Parthenium hysterophorus",78.569115,17.492482,2020,NA,"HUMAN_OBSERVATION"
"Parthenium hysterophorus",77.153549,13.068772,2020,NA,"HUMAN_OBSERVATION"
"Parthenium hysterophorus",83.039732,24.204254,2020,7,"HUMAN_OBSERVATION"
"Parthenium hysterophorus",76.341673,24.782422,2020,8,"HUMAN_OBSERVATION"
"Parthenium hysterophorus",76.838257,16.706484,2020,NA,"HUMAN_OBSERVATION"
"Parthenium hysterophorus",76.340425,12.943717,2020,19,"HUMAN_OBSERVATION"
"Parthenium hysterophorus",78.62587,16.583651,2020,NA,"HUMAN_OBSERVATION"
"Parthenium hysterophorus",75.639544,17.69577,2020,5,"HUMAN_OBSERVATION"
"Parthenium hysterophorus",84.769254,25.937801,2020,NA,"HUMAN_OBSERVATION"
"Parthenium hysterophorus",79.539444,13.15248,2020,NA,"HUMAN_OBSERVATION"
"Parthenium hysterophorus",77.859775,26.693486,2020,NA,"HUMAN_OBSERVATION"
"Parthenium hysterophorus",77.859775,26.693486,2020,NA,"HUMAN_OBSERVATION"
"Parthenium hysterophorus",78.478569,27.962849,2020,NA,"HUMAN_OBSERVATION"
"Parthenium hysterophorus",74.228562,19.059768,2020,NA,"HUMAN_OBSERVATION"
"Parthenium hysterophorus",78.478569,27.962849,2020,NA,"HUMAN_OBSERVATION"
"Parthenium hysterophorus",77.859775,26.693486,2020,NA,"HUMAN_OBSERVATION"
"Parthenium hysterophorus",79.163333,21.09,2020,NA,"HUMAN_OBSERVATION"
"Parthenium hysterophorus",79.878858,18.858103,2020,NA,"HUMAN_OBSERVATION"
"Parthenium hysterophorus",80.073922,26.122854,2020,NA,"HUMAN_OBSERVATION"
"Parthenium hysterophorus",74.228562,19.059768,2020,NA,"HUMAN_OBSERVATION"
"Parthenium hysterophorus",77.096994,29.0971,2020,NA,"HUMAN_OBSERVATION"
"Parthenium hysterophorus",78.015203,13.135872,2020,NA,"HUMAN_OBSERVATION"
"Parthenium hysterophorus",81.747197,16.746422,2020,9,"HUMAN_OBSERVATION"
"Parthenium hysterophorus",78.015344,13.135841,2020,NA,"HUMAN_OBSERVATION"
"Parthenium hysterophorus",79.353769,11.896861,2020,NA,"HUMAN_OBSERVATION"
"Parthenium hysterophorus",77.676727,14.278658,2020,NA,"HUMAN_OBSERVATION"
"Parthenium hysterophorus",81.747242,16.746382,2020,9,"HUMAN_OBSERVATION"
"Parthenium hysterophorus",77.96371,27.470215,2020,NA,"HUMAN_OBSERVATION"
"Parthenium hysterophorus",76.917414,11.164704,2020,NA,"HUMAN_OBSERVATION"
"Parthenium hysterophorus",74.71999,20.294669,2020,NA,"HUMAN_OBSERVATION"
"Parthenium hysterophorus",78.44684,17.452841,2020,NA,"HUMAN_OBSERVATION"
"Parthenium hysterophorus",79.539444,13.15248,2020,NA,"HUMAN_OBSERVATION"
"Parthenium hysterophorus",79.539444,13.15248,2020,NA,"HUMAN_OBSERVATION"
"Parthenium hysterophorus",73.914334,25.047231,2020,6,"HUMAN_OBSERVATION"
"Parthenium hysterophorus",79.413945,16.985634,2020,NA,"HUMAN_OBSERVATION"
"Parthenium hysterophorus",78.420378,17.078103,2020,NA,"HUMAN_OBSERVATION"
"Parthenium hysterophorus",76.384387,13.332864,2020,NA,"HUMAN_OBSERVATION"
"Parthenium hysterophorus",77.193056,20.855278,2020,NA,"HUMAN_OBSERVATION"
"Parthenium hysterophorus",82.428897,25.953613,2020,10,"HUMAN_OBSERVATION"
"Parthenium hysterophorus",75.076389,16.331667,2020,NA,"HUMAN_OBSERVATION"
"Parthenium hysterophorus",78.080529,22.987487,2020,NA,"HUMAN_OBSERVATION"
"Parthenium hysterophorus",77.28025,12.745173,2020,14,"HUMAN_OBSERVATION"
"Parthenium hysterophorus",85.006294,24.775408,2020,NA,"HUMAN_OBSERVATION"
"Parthenium hysterophorus",88.711047,23.925037,2020,NA,"HUMAN_OBSERVATION"
"Parthenium hysterophorus",82.966193,25.258376,2020,NA,"HUMAN_OBSERVATION"
"Parthenium hysterophorus",75.99968,22.832891,2020,9,"HUMAN_OBSERVATION"
"Parthenium hysterophorus",85.006294,24.775408,2020,NA,"HUMAN_OBSERVATION"
"Parthenium hysterophorus",82.280224,25.315741,2020,NA,"HUMAN_OBSERVATION"
"Parthenium hysterophorus",79.81205,18.056625,2020,NA,"HUMAN_OBSERVATION"
"Parthenium hysterophorus",78.422868,10.179959,2020,15,"HUMAN_OBSERVATION"
"Parthenium hysterophorus",85.006294,24.775408,2020,NA,"HUMAN_OBSERVATION"
"Parthenium hysterophorus",76.627011,15.629783,2020,NA,"HUMAN_OBSERVATION"
"Parthenium hysterophorus",76.341438,31.409033,2020,NA,"HUMAN_OBSERVATION"
"Parthenium hysterophorus",75.931276,25.127283,2020,NA,"HUMAN_OBSERVATION"
"Parthenium hysterophorus",78.093895,24.547715,2020,NA,"HUMAN_OBSERVATION"
"Parthenium hysterophorus",77.716667,15.315556,2020,NA,"HUMAN_OBSERVATION"
"Parthenium hysterophorus",81.148134,25.914274,2020,13,"HUMAN_OBSERVATION"
"Parthenium hysterophorus",77.507233,23.101329,2020,NA,"HUMAN_OBSERVATION"
"Parthenium hysterophorus",75.651741,14.419729,2020,16,"HUMAN_OBSERVATION"
"Parthenium hysterophorus",76.709137,30.677868,2020,NA,"HUMAN_OBSERVATION"
"Parthenium hysterophorus",77.647516,13.381956,2020,NA,"HUMAN_OBSERVATION"
"Parthenium hysterophorus",79.308335,14.010732,2020,5,"HUMAN_OBSERVATION"
"Parthenium hysterophorus",74.241073,16.661338,2020,4,"HUMAN_OBSERVATION"
"Parthenium hysterophorus",88.661423,23.540903,2020,122,"HUMAN_OBSERVATION"
"Parthenium hysterophorus",77.018627,20.692041,2020,14,"HUMAN_OBSERVATION"
"Parthenium hysterophorus",77.67722,12.90674,2020,17,"HUMAN_OBSERVATION"
"Parthenium hysterophorus",87.898033,23.22145,2020,6,"HUMAN_OBSERVATION"
"Parthenium hysterophorus",77.610211,12.91827,2020,NA,"HUMAN_OBSERVATION"
"Parthenium hysterophorus",80.163651,13.220015,2020,NA,"HUMAN_OBSERVATION"
"Parthenium hysterophorus",86.980481,25.248761,2020,NA,"HUMAN_OBSERVATION"
"Parthenium hysterophorus",79.598092,27.671831,2020,NA,"HUMAN_OBSERVATION"
"Parthenium hysterophorus",76.543908,14.848997,2020,5,"HUMAN_OBSERVATION"
"Parthenium hysterophorus",77.412985,27.671167,2020,NA,"HUMAN_OBSERVATION"
"Parthenium hysterophorus",74.460405,18.426258,2020,NA,"HUMAN_OBSERVATION"
"Parthenium hysterophorus",73.089383,23.482776,2020,3,"HUMAN_OBSERVATION"
"Parthenium hysterophorus",76.727055,29.194741,2020,NA,"HUMAN_OBSERVATION"
"Parthenium hysterophorus",76.626539,29.190881,2020,NA,"HUMAN_OBSERVATION"
"Parthenium hysterophorus",81.370833,24.564722,2020,NA,"HUMAN_OBSERVATION"
"Parthenium hysterophorus",81.370833,24.564722,2020,NA,"HUMAN_OBSERVATION"
"Parthenium hysterophorus",75.874472,26.980993,2020,NA,"HUMAN_OBSERVATION"
"Parthenium hysterophorus",78.254669,17.546515,2020,NA,"HUMAN_OBSERVATION"
"Parthenium hysterophorus",72.969864,25.3689,2020,NA,"HUMAN_OBSERVATION"
"Parthenium hysterophorus",79.913498,16.322197,2020,NA,"HUMAN_OBSERVATION"
"Parthenium hysterophorus",88.561211,22.981487,2020,NA,"HUMAN_OBSERVATION"
"Parthenium hysterophorus",82.211293,26.762869,2020,NA,"HUMAN_OBSERVATION"
"Parthenium hysterophorus",75.670357,22.621714,2020,NA,"HUMAN_OBSERVATION"
"Parthenium hysterophorus",78.810764,25.934651,2020,NA,"HUMAN_OBSERVATION"
"Parthenium hysterophorus",86.168908,25.292264,2020,8,"HUMAN_OBSERVATION"
"Parthenium hysterophorus",77.114464,28.438036,2020,NA,"HUMAN_OBSERVATION"
"Parthenium hysterophorus",78.029706,27.439639,2020,900,"HUMAN_OBSERVATION"
"Parthenium hysterophorus",86.980481,25.248761,2020,NA,"HUMAN_OBSERVATION"
"Parthenium hysterophorus",80.216354,13.09326,2020,NA,"HUMAN_OBSERVATION"
"Parthenium hysterophorus",73.089363,23.482755,2020,4,"HUMAN_OBSERVATION"
"Parthenium hysterophorus",77.403486,8.202197,2020,NA,"HUMAN_OBSERVATION"
"Parthenium hysterophorus",75.783401,14.458817,2020,5,"HUMAN_OBSERVATION"
"Parthenium hysterophorus",78.071649,27.857458,2020,NA,"HUMAN_OBSERVATION"
"Parthenium hysterophorus",77.757904,13.008041,2020,NA,"HUMAN_OBSERVATION"
"Parthenium hysterophorus",76.522936,28.098084,2020,NA,"HUMAN_OBSERVATION"
"Parthenium hysterophorus",74.258465,16.705855,2020,NA,"HUMAN_OBSERVATION"
"Parthenium hysterophorus",75.586159,22.874754,2020,NA,"HUMAN_OBSERVATION"
"Parthenium hysterophorus",72.142317,21.485356,2020,NA,"HUMAN_OBSERVATION"
"Parthenium hysterophorus",80.730492,27.676248,2020,10,"HUMAN_OBSERVATION"
"Parthenium hysterophorus",85.880566,20.319017,2020,NA,"HUMAN_OBSERVATION"
"Parthenium hysterophorus",78.07179,13.515265,2020,NA,"HUMAN_OBSERVATION"
"Parthenium hysterophorus",81.08138,26.870874,2020,3,"HUMAN_OBSERVATION"
"Parthenium hysterophorus",76.617985,15.164086,2020,NA,"HUMAN_OBSERVATION"
"Parthenium hysterophorus",87.898131,23.221434,2020,6,"HUMAN_OBSERVATION"
"Parthenium hysterophorus",77.366279,11.198932,2020,NA,"HUMAN_OBSERVATION"
"Parthenium hysterophorus",78.058594,27.166809,2020,NA,"HUMAN_OBSERVATION"
"Parthenium hysterophorus",83.617154,27.096993,2020,NA,"HUMAN_OBSERVATION"
"Parthenium hysterophorus",76.948418,15.131954,2020,NA,"HUMAN_OBSERVATION"
"Parthenium hysterophorus",84.978773,25.043334,2020,12,"HUMAN_OBSERVATION"
"Parthenium hysterophorus",81.670857,21.384487,2020,NA,"HUMAN_OBSERVATION"
"Parthenium hysterophorus",80.09243,12.935381,2020,NA,"HUMAN_OBSERVATION"
"Parthenium hysterophorus",76.993086,17.503595,2020,NA,"HUMAN_OBSERVATION"
"Parthenium hysterophorus",80.09243,12.935381,2020,NA,"HUMAN_OBSERVATION"
"Parthenium hysterophorus",76.701354,31.038787,2020,9,"HUMAN_OBSERVATION"
"Parthenium hysterophorus",85.598025,25.848724,2020,NA,"HUMAN_OBSERVATION"
"Parthenium hysterophorus",74.603569,16.849504,2020,NA,"HUMAN_OBSERVATION"
"Parthenium hysterophorus",82.335185,25.541193,2020,NA,"HUMAN_OBSERVATION"
"Parthenium hysterophorus",75.778966,23.230148,2020,397,"HUMAN_OBSERVATION"
"Parthenium hysterophorus",78.1152,11.495848,2020,32,"HUMAN_OBSERVATION"
"Parthenium hysterophorus",77.081949,20.668155,2020,5,"HUMAN_OBSERVATION"
"Parthenium hysterophorus",78.20826,30.234567,2020,4,"HUMAN_OBSERVATION"
"Parthenium hysterophorus",76.502,22.838,2020,150,"HUMAN_OBSERVATION"
"Parthenium hysterophorus",73.786219,18.54445,2020,NA,"HUMAN_OBSERVATION"
"Parthenium hysterophorus",75.543785,20.989636,2020,15,"HUMAN_OBSERVATION"
"Parthenium hysterophorus",76.762515,19.276417,2020,NA,"HUMAN_OBSERVATION"
"Parthenium hysterophorus",83.38378,26.750282,2020,NA,"HUMAN_OBSERVATION"
"Parthenium hysterophorus",78.398792,11.647407,2020,NA,"HUMAN_OBSERVATION"
"Parthenium hysterophorus",84.879105,22.245359,2020,NA,"HUMAN_OBSERVATION"
"Parthenium hysterophorus",79.854559,17.347757,2020,NA,"HUMAN_OBSERVATION"
"Parthenium hysterophorus",73.729795,24.599059,2020,NA,"HUMAN_OBSERVATION"
"Parthenium hysterophorus",80.533201,17.226629,2020,NA,"HUMAN_OBSERVATION"
"Parthenium hysterophorus",80.755121,16.728477,2020,13,"HUMAN_OBSERVATION"
"Parthenium hysterophorus",77.94671,11.834797,2020,NA,"HUMAN_OBSERVATION"
"Parthenium hysterophorus",73.52621,22.156132,2020,10,"HUMAN_OBSERVATION"
"Parthenium hysterophorus",77.095283,11.048147,2020,NA,"HUMAN_OBSERVATION"
"Parthenium hysterophorus",79.327467,13.951845,2020,6,"HUMAN_OBSERVATION"
"Parthenium hysterophorus",78.178469,11.683719,2020,NA,"HUMAN_OBSERVATION"
"Parthenium hysterophorus",82.016682,17.205613,2020,NA,"HUMAN_OBSERVATION"
"Parthenium hysterophorus",77.919868,11.068203,2020,NA,"HUMAN_OBSERVATION"
"Parthenium hysterophorus",85.612117,20.188459,2020,15,"HUMAN_OBSERVATION"
"Parthenium hysterophorus",77.630892,29.834252,2020,8,"HUMAN_OBSERVATION"
"Parthenium hysterophorus",78.873472,19.46583,2020,NA,"HUMAN_OBSERVATION"
"Parthenium hysterophorus",75.942154,22.903173,2020,NA,"HUMAN_OBSERVATION"
"Parthenium hysterophorus",77.909065,11.062546,2020,NA,"HUMAN_OBSERVATION"
"Parthenium hysterophorus",77.834405,28.428505,2020,NA,"HUMAN_OBSERVATION"
"Parthenium hysterophorus",75.175149,16.551593,2020,NA,"HUMAN_OBSERVATION"
"Parthenium hysterophorus",82.605992,26.57095,2020,NA,"HUMAN_OBSERVATION"
"Parthenium hysterophorus",78.12401,20.411111,2020,NA,"HUMAN_OBSERVATION"
"Parthenium hysterophorus",78.01,17.3,2020,NA,"HUMAN_OBSERVATION"
"Parthenium hysterophorus",77.374037,12.562747,2020,10,"HUMAN_OBSERVATION"
"Parthenium hysterophorus",75.898361,14.467478,2020,20,"HUMAN_OBSERVATION"
"Parthenium hysterophorus",76.963605,20.703375,2020,NA,"HUMAN_OBSERVATION"
"Parthenium hysterophorus",76.963605,20.703375,2020,NA,"HUMAN_OBSERVATION"
"Parthenium hysterophorus",80.152453,21.894317,2020,NA,"HUMAN_OBSERVATION"
"Parthenium hysterophorus",82.575935,17.701192,2020,6,"HUMAN_OBSERVATION"
"Parthenium hysterophorus",78.261389,14.320278,2020,NA,"HUMAN_OBSERVATION"
"Parthenium hysterophorus",79.591749,13.210434,2020,NA,"HUMAN_OBSERVATION"
"Parthenium hysterophorus",74.545667,16.251977,2020,10,"HUMAN_OBSERVATION"
"Parthenium hysterophorus",74.901787,17.869207,2020,NA,"HUMAN_OBSERVATION"
"Parthenium hysterophorus",79.591749,13.210434,2020,NA,"HUMAN_OBSERVATION"
"Parthenium hysterophorus",80.430631,23.919027,2020,4,"HUMAN_OBSERVATION"
"Parthenium hysterophorus",78.463295,17.555373,2020,NA,"HUMAN_OBSERVATION"
"Parthenium hysterophorus",79.240603,15.767773,2020,NA,"HUMAN_OBSERVATION"
"Parthenium hysterophorus",74.986184,29.833973,2020,6,"HUMAN_OBSERVATION"
"Parthenium hysterophorus",74.57412,18.548172,2020,NA,"HUMAN_OBSERVATION"
"Parthenium hysterophorus",77.639305,17.6873,2020,5,"HUMAN_OBSERVATION"
"Parthenium hysterophorus",78.33284,16.215487,2020,NA,"HUMAN_OBSERVATION"
"Parthenium hysterophorus",76.744149,11.226085,2020,NA,"HUMAN_OBSERVATION"
"Parthenium hysterophorus",75.543779,20.98963,2020,40,"HUMAN_OBSERVATION"
"Parthenium hysterophorus",76.09557,16.185458,2020,NA,"HUMAN_OBSERVATION"
"Parthenium hysterophorus",78.122242,17.620351,2020,19,"HUMAN_OBSERVATION"
"Parthenium hysterophorus",72.306412,23.299863,2020,NA,"HUMAN_OBSERVATION"
"Parthenium hysterophorus",72.306412,23.299863,2020,NA,"HUMAN_OBSERVATION"
"Parthenium hysterophorus",88.461735,26.694758,2020,NA,"HUMAN_OBSERVATION"
"Parthenium hysterophorus",79.085288,25.596493,2020,16,"HUMAN_OBSERVATION"
"Parthenium hysterophorus",75.537861,20.974199,2020,250,"HUMAN_OBSERVATION"
"Parthenium hysterophorus",80.126458,16.871133,2020,NA,"HUMAN_OBSERVATION"
"Parthenium hysterophorus",78.512252,17.504048,2020,NA,"HUMAN_OBSERVATION"
"Parthenium hysterophorus",76.716336,10.677238,2020,NA,"HUMAN_OBSERVATION"
"Parthenium hysterophorus",85.413817,25.026952,2020,NA,"HUMAN_OBSERVATION"
"Parthenium hysterophorus",79.346697,13.95872,2020,9,"HUMAN_OBSERVATION"
"Parthenium hysterophorus",75.951949,12.462032,2020,200,"HUMAN_OBSERVATION"
"Parthenium hysterophorus",82.749768,24.719712,2020,NA,"HUMAN_OBSERVATION"
"Parthenium hysterophorus",77.57445,13.29028,2020,NA,"HUMAN_OBSERVATION"
"Parthenium hysterophorus",78.510886,17.437265,2020,600,"HUMAN_OBSERVATION"
"Parthenium hysterophorus",78.510886,17.437265,2020,600,"HUMAN_OBSERVATION"
"Parthenium hysterophorus",72.08347,24.147569,2020,13,"HUMAN_OBSERVATION"
"Parthenium hysterophorus",78.414259,28.782284,2020,NA,"HUMAN_OBSERVATION"
"Parthenium hysterophorus",77.85266,12.888985,2020,NA,"HUMAN_OBSERVATION"
"Parthenium hysterophorus",77.541112,18.822848,2020,2,"HUMAN_OBSERVATION"
"Parthenium hysterophorus",77.789011,9.949155,2020,NA,"HUMAN_OBSERVATION"
"Parthenium hysterophorus",79.200833,21.226944,2020,NA,"HUMAN_OBSERVATION"
"Parthenium hysterophorus",77.873776,12.883288,2020,NA,"HUMAN_OBSERVATION"
"Parthenium hysterophorus",76.990665,29.704274,2020,11,"HUMAN_OBSERVATION"
"Parthenium hysterophorus",79.502074,12.946133,2020,NA,"HUMAN_OBSERVATION"
"Parthenium hysterophorus",85.174452,25.298263,2020,19,"HUMAN_OBSERVATION"
"Parthenium hysterophorus",78.510886,17.437265,2020,600,"HUMAN_OBSERVATION"
"Parthenium hysterophorus",75.15332,27.572483,2020,NA,"HUMAN_OBSERVATION"
"Parthenium hysterophorus",80.930966,26.807374,2020,7,"HUMAN_OBSERVATION"
"Parthenium hysterophorus",82.749768,24.719712,2020,NA,"HUMAN_OBSERVATION"
"Parthenium hysterophorus",77.38591,9.793068,2020,14,"HUMAN_OBSERVATION"
"Parthenium hysterophorus",77.647846,12.904569,2020,16,"HUMAN_OBSERVATION"
"Parthenium hysterophorus",82.575424,25.5427,2020,NA,"HUMAN_OBSERVATION"
"Parthenium hysterophorus",78.600325,12.345673,2020,NA,"HUMAN_OBSERVATION"
"Parthenium hysterophorus",77.530986,9.94085,2020,NA,"HUMAN_OBSERVATION"
"Parthenium hysterophorus",78.541005,13.626247,2020,NA,"HUMAN_OBSERVATION"
"Parthenium hysterophorus",78.510886,17.437265,2020,600,"HUMAN_OBSERVATION"
"Parthenium hysterophorus",78.080362,10.947576,2020,5,"HUMAN_OBSERVATION"
"Parthenium hysterophorus",76.231221,17.586195,2020,8,"HUMAN_OBSERVATION"
"Parthenium hysterophorus",77.992592,27.208191,2020,NA,"HUMAN_OBSERVATION"
"Parthenium hysterophorus",80.298752,26.491109,2020,7,"HUMAN_OBSERVATION"
"Parthenium hysterophorus",79.983301,14.443358,2020,42,"HUMAN_OBSERVATION"
"Parthenium hysterophorus",77.992741,27.208924,2020,10,"HUMAN_OBSERVATION"
"Parthenium hysterophorus",79.310943,16.031238,2020,14,"HUMAN_OBSERVATION"
"Parthenium hysterophorus",83.208601,19.923368,2020,NA,"HUMAN_OBSERVATION"
"Parthenium hysterophorus",77.250833,28.535556,2020,NA,"HUMAN_OBSERVATION"
"Parthenium hysterophorus",76.649391,12.667403,2020,NA,"HUMAN_OBSERVATION"
"Parthenium hysterophorus",81.14563,20.760527,2020,NA,"HUMAN_OBSERVATION"
"Parthenium hysterophorus",76.450705,14.739326,2020,NA,"HUMAN_OBSERVATION"
"Parthenium hysterophorus",77.901146,12.831747,2020,NA,"HUMAN_OBSERVATION"
"Parthenium hysterophorus",88.530273,23.186756,2020,NA,"HUMAN_OBSERVATION"
"Parthenium hysterophorus",80.298775,26.491065,2020,8,"HUMAN_OBSERVATION"
"Parthenium hysterophorus",79.431161,28.352485,2020,13,"HUMAN_OBSERVATION"
"Parthenium hysterophorus",74.654499,24.713867,2020,NA,"HUMAN_OBSERVATION"
"Parthenium hysterophorus",78.0274,30.285008,2020,NA,"HUMAN_OBSERVATION"
"Parthenium hysterophorus",80.283798,16.38776,2020,NA,"HUMAN_OBSERVATION"
"Parthenium hysterophorus",87.638691,22.888211,2019,5,"HUMAN_OBSERVATION"
"Parthenium hysterophorus",82.121865,26.770281,2019,10,"HUMAN_OBSERVATION"
"Parthenium hysterophorus",83.569466,25.944834,2019,NA,"HUMAN_OBSERVATION"
"Parthenium hysterophorus",82.121865,26.770281,2019,10,"HUMAN_OBSERVATION"
"Parthenium hysterophorus",79.795555,28.639234,2019,3,"HUMAN_OBSERVATION"
"Parthenium hysterophorus",79.560905,12.92874,2019,4,"HUMAN_OBSERVATION"
"Parthenium hysterophorus",77.995608,30.278265,2019,13,"HUMAN_OBSERVATION"
"Parthenium hysterophorus",75.672833,15.919854,2019,3,"HUMAN_OBSERVATION"
"Parthenium hysterophorus",79.560777,12.92908,2019,5,"HUMAN_OBSERVATION"
"Parthenium hysterophorus",80.324674,26.473311,2019,16,"HUMAN_OBSERVATION"
"Parthenium hysterophorus",82.994945,25.301356,2019,5,"HUMAN_OBSERVATION"
"Parthenium hysterophorus",78.812122,25.610121,2019,10,"HUMAN_OBSERVATION"
"Parthenium hysterophorus",83.845688,25.625385,2019,9,"HUMAN_OBSERVATION"
"Parthenium hysterophorus",75.800493,13.708802,2019,7,"HUMAN_OBSERVATION"
"Parthenium hysterophorus",82.606864,19.85771,2019,9,"HUMAN_OBSERVATION"
"Parthenium hysterophorus",82.65501,19.896612,2019,4,"HUMAN_OBSERVATION"
"Parthenium hysterophorus",78.079355,12.137463,2019,3,"HUMAN_OBSERVATION"
"Parthenium hysterophorus",78.574945,12.651945,2019,12,"HUMAN_OBSERVATION"
"Parthenium hysterophorus",83.433126,18.045044,2019,NA,"HUMAN_OBSERVATION"
"Parthenium hysterophorus",82.663897,25.394067,2019,8,"HUMAN_OBSERVATION"
"Parthenium hysterophorus",76.636496,28.878935,2019,52,"HUMAN_OBSERVATION"
"Parthenium hysterophorus",77.207658,28.541661,2019,65,"HUMAN_OBSERVATION"
"Parthenium hysterophorus",88.153547,24.098988,2019,NA,"HUMAN_OBSERVATION"
"Parthenium hysterophorus",74.959237,17.837476,2019,NA,"HUMAN_OBSERVATION"
"Parthenium hysterophorus",77.535994,28.463193,2019,NA,"HUMAN_OBSERVATION"
"Parthenium hysterophorus",82.915698,25.258883,2019,NA,"HUMAN_OBSERVATION"
"Parthenium hysterophorus",74.245994,20.113991,2019,NA,"HUMAN_OBSERVATION"
"Parthenium hysterophorus",76.636311,15.658096,2019,NA,"HUMAN_OBSERVATION"
"Parthenium hysterophorus",74.245994,20.113991,2019,NA,"HUMAN_OBSERVATION"
"Parthenium hysterophorus",77.31787,28.154412,2019,13,"HUMAN_OBSERVATION"
"Parthenium hysterophorus",80.129652,27.416927,2019,7,"HUMAN_OBSERVATION"
"Parthenium hysterophorus",88.43115,22.974304,2019,400,"HUMAN_OBSERVATION"
"Parthenium hysterophorus",78.060736,28.1648,2019,NA,"HUMAN_OBSERVATION"
"Parthenium hysterophorus",80.129652,27.416927,2019,7,"HUMAN_OBSERVATION"
"Parthenium hysterophorus",77.438107,28.664353,2019,52,"HUMAN_OBSERVATION"
"Parthenium hysterophorus",86.472133,23.810622,2019,3,"HUMAN_OBSERVATION"
"Parthenium hysterophorus",80.342409,26.474588,2019,NA,"HUMAN_OBSERVATION"
"Parthenium hysterophorus",78.519831,17.397073,2019,NA,"HUMAN_OBSERVATION"
"Parthenium hysterophorus",76.159714,13.762479,2019,NA,"HUMAN_OBSERVATION"
"Parthenium hysterophorus",77.206536,28.750409,2019,NA,"HUMAN_OBSERVATION"
"Parthenium hysterophorus",77.43262,12.435193,2019,NA,"HUMAN_OBSERVATION"
"Parthenium hysterophorus",78.417103,27.123942,2019,NA,"HUMAN_OBSERVATION"
"Parthenium hysterophorus",77.21363,30.203585,2019,NA,"HUMAN_OBSERVATION"
"Parthenium hysterophorus",88.447462,23.491544,2019,40,"HUMAN_OBSERVATION"
"Parthenium hysterophorus",86.467751,23.804192,2019,46,"HUMAN_OBSERVATION"
"Parthenium hysterophorus",81.757335,22.804992,2019,NA,"HUMAN_OBSERVATION"
"Parthenium hysterophorus",83.4937,19.620986,2019,NA,"HUMAN_OBSERVATION"
"Parthenium hysterophorus",87.928416,25.129273,2019,19,"HUMAN_OBSERVATION"
"Parthenium hysterophorus",74.577135,16.862419,2019,3,"HUMAN_OBSERVATION"
"Parthenium hysterophorus",88.434425,23.497597,2019,52,"HUMAN_OBSERVATION"
"Parthenium hysterophorus",78.519831,17.397073,2019,NA,"HUMAN_OBSERVATION"
"Parthenium hysterophorus",83.240724,17.77291,2019,12,"HUMAN_OBSERVATION"
"Parthenium hysterophorus",88.490753,22.586887,2019,26,"HUMAN_OBSERVATION"
"Parthenium hysterophorus",80.129652,27.416927,2019,7,"HUMAN_OBSERVATION"
"Parthenium hysterophorus",80.129652,27.416927,2019,7,"HUMAN_OBSERVATION"
"Parthenium hysterophorus",74.577145,16.862416,2019,NA,"HUMAN_OBSERVATION"
"Parthenium hysterophorus",88.447565,23.491649,2019,18,"HUMAN_OBSERVATION"
"Parthenium hysterophorus",76.375854,15.26878,2019,NA,"HUMAN_OBSERVATION"
"Parthenium hysterophorus",77.304536,28.570113,2019,NA,"HUMAN_OBSERVATION"
"Parthenium hysterophorus",75.416361,20.168401,2019,5,"HUMAN_OBSERVATION"
"Parthenium hysterophorus",80.129652,27.416927,2019,7,"HUMAN_OBSERVATION"
"Parthenium hysterophorus",79.346111,11.000556,2019,NA,"HUMAN_OBSERVATION"
"Parthenium hysterophorus",84.951678,21.807703,2019,NA,"HUMAN_OBSERVATION"
"Parthenium hysterophorus",81.708287,20.837329,2019,14,"HUMAN_OBSERVATION"
"Parthenium hysterophorus",75.416341,20.168425,2019,5,"HUMAN_OBSERVATION"
"Parthenium hysterophorus",87.268392,23.581877,2019,NA,"HUMAN_OBSERVATION"
"Parthenium hysterophorus",84.951678,21.807703,2019,NA,"HUMAN_OBSERVATION"
"Parthenium hysterophorus",83.240724,17.77291,2019,12,"HUMAN_OBSERVATION"
"Parthenium hysterophorus",77.021628,10.991075,2019,732,"HUMAN_OBSERVATION"
"Parthenium hysterophorus",76.874738,11.41661,2019,57,"HUMAN_OBSERVATION"
"Parthenium hysterophorus",83.661274,18.164008,2019,NA,"HUMAN_OBSERVATION"
"Parthenium hysterophorus",73.609263,22.759594,2019,NA,"HUMAN_OBSERVATION"
"Parthenium hysterophorus",76.703414,28.206547,2019,NA,"HUMAN_OBSERVATION"
"Parthenium hysterophorus",75.530175,17.681978,2019,8,"HUMAN_OBSERVATION"
"Parthenium hysterophorus",88.004486,22.569117,2019,NA,"HUMAN_OBSERVATION"
"Parthenium hysterophorus",88.38306,26.762215,2019,NA,"HUMAN_OBSERVATION"
"Parthenium hysterophorus",85.001801,24.698086,2019,200,"HUMAN_OBSERVATION"
"Parthenium hysterophorus",88.639075,22.838221,2019,NA,"HUMAN_OBSERVATION"
"Parthenium hysterophorus",80.129652,27.416927,2019,7,"HUMAN_OBSERVATION"
"Parthenium hysterophorus",83.314651,17.730772,2019,6,"HUMAN_OBSERVATION"
"Parthenium hysterophorus",80.129652,27.416927,2019,7,"HUMAN_OBSERVATION"
"Parthenium hysterophorus",83.671347,18.093887,2019,13,"HUMAN_OBSERVATION"
"Parthenium hysterophorus",77.00898,20.695679,2019,NA,"HUMAN_OBSERVATION"
"Parthenium hysterophorus",76.54672,15.572744,2019,NA,"HUMAN_OBSERVATION"
"Parthenium hysterophorus",77.431027,23.315272,2019,2,"HUMAN_OBSERVATION"
"Parthenium hysterophorus",88.639075,22.838221,2019,NA,"HUMAN_OBSERVATION"
"Parthenium hysterophorus",76.046439,14.263119,2019,19,"HUMAN_OBSERVATION"
"Parthenium hysterophorus",76.54666,15.572778,2019,NA,"HUMAN_OBSERVATION"
"Parthenium hysterophorus",76.803291,12.49572,2019,NA,"HUMAN_OBSERVATION"
"Parthenium hysterophorus",79.149855,21.412961,2019,NA,"HUMAN_OBSERVATION"
"Parthenium hysterophorus",77.657371,17.858331,2019,NA,"HUMAN_OBSERVATION"
"Parthenium hysterophorus",76.770556,30.7575,2019,NA,"HUMAN_OBSERVATION"
"Parthenium hysterophorus",76.921667,12.789321,2019,NA,"HUMAN_OBSERVATION"
"Parthenium hysterophorus",78.965413,16.734122,2019,NA,"HUMAN_OBSERVATION"
"Parthenium hysterophorus",79.149855,21.412961,2019,NA,"HUMAN_OBSERVATION"
"Parthenium hysterophorus",80.635283,27.419744,2019,8,"HUMAN_OBSERVATION"
"Parthenium hysterophorus",74.894888,19.923377,2019,12,"HUMAN_OBSERVATION"
"Parthenium hysterophorus",77.26342,28.033915,2019,NA,"HUMAN_OBSERVATION"
"Parthenium hysterophorus",76.595968,28.915742,2019,2,"HUMAN_OBSERVATION"
"Parthenium hysterophorus",84.663441,23.428531,2019,NA,"HUMAN_OBSERVATION"
"Parthenium hysterophorus",78.429896,17.540301,2019,NA,"HUMAN_OBSERVATION"
"Parthenium hysterophorus",80.156545,12.912946,2019,25,"HUMAN_OBSERVATION"
"Parthenium hysterophorus",75.965926,31.44368,2019,NA,"HUMAN_OBSERVATION"
"Parthenium hysterophorus",73.184109,22.314208,2019,60,"HUMAN_OBSERVATION"
"Parthenium hysterophorus",79.149855,21.412961,2019,NA,"HUMAN_OBSERVATION"
"Parthenium hysterophorus",78.206584,18.8653,2019,3,"HUMAN_OBSERVATION"
"Parthenium hysterophorus",84.663441,23.428531,2019,NA,"HUMAN_OBSERVATION"
"Parthenium hysterophorus",79.81205,18.056625,2019,NA,"HUMAN_OBSERVATION"
"Parthenium hysterophorus",80.129652,27.416927,2019,7,"HUMAN_OBSERVATION"
"Parthenium hysterophorus",87.687191,22.466511,2019,NA,"HUMAN_OBSERVATION"
"Parthenium hysterophorus",77.255864,28.404328,2019,21,"HUMAN_OBSERVATION"
"Parthenium hysterophorus",77.457469,8.154194,2019,NA,"HUMAN_OBSERVATION"
"Parthenium hysterophorus",76.990469,28.466538,2019,NA,"HUMAN_OBSERVATION"
"Parthenium hysterophorus",77.997065,30.261979,2019,NA,"HUMAN_OBSERVATION"
"Parthenium hysterophorus",76.113291,15.116846,2019,NA,"HUMAN_OBSERVATION"
"Parthenium hysterophorus",77.112324,28.6324,2019,2,"HUMAN_OBSERVATION"
"Parthenium hysterophorus",78.313312,17.510834,2019,NA,"HUMAN_OBSERVATION"
"Parthenium hysterophorus",85.564911,24.896948,2019,NA,"HUMAN_OBSERVATION"
"Parthenium hysterophorus",87.687192,22.466511,2019,68,"HUMAN_OBSERVATION"
"Parthenium hysterophorus",87.82504,22.700059,2019,NA,"HUMAN_OBSERVATION"
"Parthenium hysterophorus",78.149139,16.809006,2019,NA,"HUMAN_OBSERVATION"
"Parthenium hysterophorus",78.973189,16.721459,2019,NA,"HUMAN_OBSERVATION"
"Parthenium hysterophorus",77.882599,11.37409,2019,NA,"HUMAN_OBSERVATION"
"Parthenium hysterophorus",75.344101,19.906065,2019,NA,"HUMAN_OBSERVATION"
"Parthenium hysterophorus",77.02014,29.687236,2019,30,"HUMAN_OBSERVATION"
"Parthenium hysterophorus",85.564911,24.896948,2019,NA,"HUMAN_OBSERVATION"
"Parthenium hysterophorus",77.882599,11.37409,2019,NA,"HUMAN_OBSERVATION"
"Parthenium hysterophorus",77.552826,12.866306,2019,NA,"HUMAN_OBSERVATION"
"Parthenium hysterophorus",76.630943,12.352861,2019,NA,"HUMAN_OBSERVATION"
"Parthenium hysterophorus",78.193321,10.59512,2019,NA,"HUMAN_OBSERVATION"
"Parthenium hysterophorus",77.578651,13.068133,2019,NA,"HUMAN_OBSERVATION"
"Parthenium hysterophorus",78.524972,17.432374,2019,70,"HUMAN_OBSERVATION"
"Parthenium hysterophorus",81.747205,17.44347,2019,NA,"HUMAN_OBSERVATION"
"Parthenium hysterophorus",81.635741,17.633392,2019,2,"HUMAN_OBSERVATION"
"Parthenium hysterophorus",74.504796,15.861863,2019,5,"HUMAN_OBSERVATION"
"Parthenium hysterophorus",74.504749,15.861852,2019,10,"HUMAN_OBSERVATION"
"Parthenium hysterophorus",73.673438,24.533584,2019,5,"HUMAN_OBSERVATION"
"Parthenium hysterophorus",78.402849,15.737038,2019,NA,"HUMAN_OBSERVATION"
"Parthenium hysterophorus",79.450634,13.644526,2019,NA,"HUMAN_OBSERVATION"
"Parthenium hysterophorus",80.975019,21.421831,2019,NA,"HUMAN_OBSERVATION"
"Parthenium hysterophorus",77.270507,11.097096,2019,NA,"HUMAN_OBSERVATION"
"Parthenium hysterophorus",85.814121,22.524966,2019,22,"HUMAN_OBSERVATION"
"Parthenium hysterophorus",72.623891,23.883391,2019,3,"HUMAN_OBSERVATION"
"Parthenium hysterophorus",77.086697,17.120854,2019,NA,"HUMAN_OBSERVATION"
"Parthenium hysterophorus",81.012225,26.751213,2019,NA,"HUMAN_OBSERVATION"
"Parthenium hysterophorus",79.01356,26.777711,2019,NA,"HUMAN_OBSERVATION"
"Parthenium hysterophorus",75.836667,13.251111,2019,NA,"HUMAN_OBSERVATION"
"Parthenium hysterophorus",78.205778,17.908617,2019,NA,"HUMAN_OBSERVATION"
"Parthenium hysterophorus",79.205055,17.885201,2019,NA,"HUMAN_OBSERVATION"
"Parthenium hysterophorus",87.077418,23.233652,2019,9,"HUMAN_OBSERVATION"
"Parthenium hysterophorus",82.007529,16.589501,2019,NA,"HUMAN_OBSERVATION"
"Parthenium hysterophorus",76.587652,14.838071,2019,NA,"HUMAN_OBSERVATION"
"Parthenium hysterophorus",81.286465,21.178153,2019,NA,"HUMAN_OBSERVATION"
"Parthenium hysterophorus",81.168376,21.5137,2019,NA,"HUMAN_OBSERVATION"
"Parthenium hysterophorus",76.898217,11.322877,2019,NA,"HUMAN_OBSERVATION"
"Parthenium hysterophorus",78.576587,15.405111,2019,NA,"HUMAN_OBSERVATION"
"Parthenium hysterophorus",77.098843,11.003628,2019,1,"HUMAN_OBSERVATION"
"Parthenium hysterophorus",76.377662,27.688797,2019,8,"HUMAN_OBSERVATION"
"Parthenium hysterophorus",77.906744,28.417998,2019,NA,"HUMAN_OBSERVATION"
"Parthenium hysterophorus",72.96332,22.553617,2019,4,"HUMAN_OBSERVATION"
"Parthenium hysterophorus",76.203303,14.350964,2019,4,"HUMAN_OBSERVATION"
"Parthenium hysterophorus",87.118302,22.901748,2019,6,"HUMAN_OBSERVATION"
"Parthenium hysterophorus",77.618311,13.071316,2019,NA,"HUMAN_OBSERVATION"
"Parthenium hysterophorus",79.137058,14.226602,2019,19,"HUMAN_OBSERVATION"
"Parthenium hysterophorus",75.966209,27.966829,2019,NA,"HUMAN_OBSERVATION"
"Parthenium hysterophorus",78.082565,13.335465,2019,NA,"HUMAN_OBSERVATION"
"Parthenium hysterophorus",72.96332,22.553617,2019,4,"HUMAN_OBSERVATION"
"Parthenium hysterophorus",72.588337,23.610775,2019,98,"HUMAN_OBSERVATION"
"Parthenium hysterophorus",79.94165,27.778177,2019,NA,"HUMAN_OBSERVATION"
"Parthenium hysterophorus",79.510985,17.981046,2019,NA,"HUMAN_OBSERVATION"
"Parthenium hysterophorus",79.62119,12.234664,2019,NA,"HUMAN_OBSERVATION"
"Parthenium hysterophorus",88.411163,22.713726,2019,NA,"HUMAN_OBSERVATION"
"Parthenium hysterophorus",79.491655,13.278602,2019,NA,"HUMAN_OBSERVATION"
"Parthenium hysterophorus",88.30703,26.727031,2019,NA,"HUMAN_OBSERVATION"
"Parthenium hysterophorus",81.267285,21.168715,2019,NA,"HUMAN_OBSERVATION"
"Parthenium hysterophorus",79.374801,29.049012,2019,NA,"HUMAN_OBSERVATION"
"Parthenium hysterophorus",79.621185,12.234629,2019,NA,"HUMAN_OBSERVATION"
"Parthenium hysterophorus",75.238823,19.776577,2019,6,"HUMAN_OBSERVATION"
"Parthenium hysterophorus",77.428857,23.179559,2019,NA,"HUMAN_OBSERVATION"
"Parthenium hysterophorus",87.769107,22.610588,2019,NA,"HUMAN_OBSERVATION"
"Parthenium hysterophorus",72.963227,22.553577,2019,3,"HUMAN_OBSERVATION"
"Parthenium hysterophorus",77.5696,28.125062,2019,98,"HUMAN_OBSERVATION"
"Parthenium hysterophorus",76.880721,25.154454,2019,NA,"HUMAN_OBSERVATION"
"Parthenium hysterophorus",79.621185,12.234629,2019,NA,"HUMAN_OBSERVATION"
"Parthenium hysterophorus",77.505493,8.150396,2019,NA,"HUMAN_OBSERVATION"
"Parthenium hysterophorus",80.916517,23.462185,2019,4,"HUMAN_OBSERVATION"
"Parthenium hysterophorus",85.814425,22.524632,2019,NA,"HUMAN_OBSERVATION"
"Parthenium hysterophorus",80.23639,13.01671,2019,198,"HUMAN_OBSERVATION"
"Parthenium hysterophorus",72.552293,23.037964,2019,3,"HUMAN_OBSERVATION"
"Parthenium hysterophorus",72.552494,23.037775,2019,65,"HUMAN_OBSERVATION"
"Parthenium hysterophorus",72.552378,23.036906,2019,357,"HUMAN_OBSERVATION"
"Parthenium hysterophorus",72.55246,23.037761,2019,65,"HUMAN_OBSERVATION"
"Parthenium hysterophorus",77.552767,14.779352,2019,NA,"HUMAN_OBSERVATION"
"Parthenium hysterophorus",76.787379,11.092516,2019,NA,"HUMAN_OBSERVATION"
"Parthenium hysterophorus",78.034446,30.469981,2019,NA,"HUMAN_OBSERVATION"
"Parthenium hysterophorus",77.47132,14.79622,2019,NA,"HUMAN_OBSERVATION"
"Parthenium hysterophorus",77.372686,12.776834,2019,42,"HUMAN_OBSERVATION"
"Parthenium hysterophorus",77.964233,27.206173,2019,NA,"HUMAN_OBSERVATION"
"Parthenium hysterophorus",73.880412,18.45245,2019,5,"HUMAN_OBSERVATION"
"Parthenium hysterophorus",78.407361,10.541467,2019,5,"HUMAN_OBSERVATION"
"Parthenium hysterophorus",82.585899,22.011071,2019,NA,"HUMAN_OBSERVATION"
"Parthenium hysterophorus",83.143522,20.289544,2019,NA,"HUMAN_OBSERVATION"
"Parthenium hysterophorus",78.27668,18.786293,2019,NA,"HUMAN_OBSERVATION"
"Parthenium hysterophorus",73.833025,24.481135,2019,NA,"HUMAN_OBSERVATION"
"Parthenium hysterophorus",80.586455,16.534763,2019,NA,"HUMAN_OBSERVATION"
"Parthenium hysterophorus",81.171837,16.90547,2019,2,"HUMAN_OBSERVATION"
"Parthenium hysterophorus",78.572929,17.33502,2019,NA,"HUMAN_OBSERVATION"
"Parthenium hysterophorus",78.407361,10.541467,2019,5,"HUMAN_OBSERVATION"
"Parthenium hysterophorus",81.848542,25.412703,2019,NA,"HUMAN_OBSERVATION"
"Parthenium hysterophorus",73.725811,24.566036,2019,NA,"HUMAN_OBSERVATION"
"Parthenium hysterophorus",81.848542,25.412703,2019,NA,"HUMAN_OBSERVATION"
"Parthenium hysterophorus",77.167226,9.60217,2019,184,"HUMAN_OBSERVATION"
"Parthenium hysterophorus",75.76139,31.232668,2019,NA,"HUMAN_OBSERVATION"
"Parthenium hysterophorus",77.654861,28.824121,2019,NA,"HUMAN_OBSERVATION"
"Parthenium hysterophorus",73.839832,18.526547,2019,NA,"HUMAN_OBSERVATION"
"Parthenium hysterophorus",72.132883,23.861393,2019,3,"HUMAN_OBSERVATION"
"Parthenium hysterophorus",73.934676,19.129479,2019,NA,"HUMAN_OBSERVATION"
"Parthenium hysterophorus",74.563168,20.287794,2019,18,"HUMAN_OBSERVATION"
"Parthenium hysterophorus",72.132728,23.861737,2019,4,"HUMAN_OBSERVATION"
"Parthenium hysterophorus",76.6075,28.1925,2019,NA,"HUMAN_OBSERVATION"
"Parthenium hysterophorus",81.789809,21.227059,2019,NA,"HUMAN_OBSERVATION"
"Parthenium hysterophorus",78.907478,21.251463,2019,NA,"HUMAN_OBSERVATION"
"Parthenium hysterophorus",79.344619,15.339116,2019,NA,"HUMAN_OBSERVATION"
"Parthenium hysterophorus",76.446414,12.845218,2019,NA,"HUMAN_OBSERVATION"
"Parthenium hysterophorus",79.145152,13.446915,2019,NA,"HUMAN_OBSERVATION"
"Parthenium hysterophorus",72.132858,23.8613,2019,2,"HUMAN_OBSERVATION"
"Parthenium hysterophorus",74.67826,26.508872,2019,NA,"HUMAN_OBSERVATION"
"Parthenium hysterophorus",79.243611,14.251667,2019,NA,"HUMAN_OBSERVATION"
"Parthenium hysterophorus",81.848924,25.413728,2019,NA,"HUMAN_OBSERVATION"
"Parthenium hysterophorus",81.873387,17.064602,2019,68,"HUMAN_OBSERVATION"
"Parthenium hysterophorus",73.839832,18.526547,2019,NA,"HUMAN_OBSERVATION"
"Parthenium hysterophorus",83.175451,26.749945,2019,NA,"HUMAN_OBSERVATION"
"Parthenium hysterophorus",70.74412,22.292589,2019,21,"HUMAN_OBSERVATION"
"Parthenium hysterophorus",73.934676,19.129479,2019,NA,"HUMAN_OBSERVATION"
"Parthenium hysterophorus",74.866247,16.291161,2019,NA,"HUMAN_OBSERVATION"
"Parthenium hysterophorus",79.040669,28.76523,2019,NA,"HUMAN_OBSERVATION"
"Parthenium hysterophorus",76.838043,13.775687,2019,NA,"HUMAN_OBSERVATION"
"Parthenium hysterophorus",82.14856,27.634277,2019,NA,"HUMAN_OBSERVATION"
"Parthenium hysterophorus",78.607992,17.428941,2019,9,"HUMAN_OBSERVATION"
"Parthenium hysterophorus",77.577209,13.069147,2019,305,"HUMAN_OBSERVATION"
"Parthenium hysterophorus",78.728429,11.197349,2019,NA,"HUMAN_OBSERVATION"
"Parthenium hysterophorus",78.726104,11.245305,2019,NA,"HUMAN_OBSERVATION"
"Parthenium hysterophorus",77.238396,11.504776,2019,NA,"HUMAN_OBSERVATION"
"Parthenium hysterophorus",78.812956,11.237044,2019,NA,"HUMAN_OBSERVATION"
"Parthenium hysterophorus",78.865066,11.233123,2019,NA,"HUMAN_OBSERVATION"
"Parthenium hysterophorus",78.88855,11.224587,2019,NA,"HUMAN_OBSERVATION"
"Parthenium hysterophorus",78.855495,11.230679,2019,NA,"HUMAN_OBSERVATION"
"Parthenium hysterophorus",77.57384,13.066,2019,NA,"HUMAN_OBSERVATION"
"Parthenium hysterophorus",77.033802,10.655112,2019,NA,"HUMAN_OBSERVATION"
"Parthenium hysterophorus",77.44635,10.773923,2019,NA,"HUMAN_OBSERVATION"
"Parthenium hysterophorus",76.880721,25.154454,2019,NA,"HUMAN_OBSERVATION"
"Parthenium hysterophorus",77.431913,17.188641,2019,NA,"HUMAN_OBSERVATION"
"Parthenium hysterophorus",76.390316,29.779678,2019,NA,"HUMAN_OBSERVATION"
"Parthenium hysterophorus",78.101284,10.260202,2019,NA,"HUMAN_OBSERVATION"
"Parthenium hysterophorus",77.686359,10.509425,2019,NA,"HUMAN_OBSERVATION"
"Parthenium hysterophorus",83.382778,25.542565,2019,NA,"HUMAN_OBSERVATION"
"Parthenium hysterophorus",74.947729,17.727699,2019,NA,"HUMAN_OBSERVATION"
"Parthenium hysterophorus",83.744316,22.653847,2019,NA,"HUMAN_OBSERVATION"
"Parthenium hysterophorus",83.744316,22.653847,2019,NA,"HUMAN_OBSERVATION"
"Parthenium hysterophorus",80.104091,26.686927,2019,31,"HUMAN_OBSERVATION"
"Parthenium hysterophorus",79.474167,13.630556,2019,NA,"HUMAN_OBSERVATION"
"Parthenium hysterophorus",81.662018,19.586648,2019,8,"HUMAN_OBSERVATION"
"Parthenium hysterophorus",85.338128,23.396011,2019,NA,"HUMAN_OBSERVATION"
"Parthenium hysterophorus",77.997596,15.860555,2019,NA,"HUMAN_OBSERVATION"
"Parthenium hysterophorus",76.018338,22.874282,2019,NA,"HUMAN_OBSERVATION"
"Parthenium hysterophorus",76.524797,19.984634,2019,NA,"HUMAN_OBSERVATION"
"Parthenium hysterophorus",80.104092,26.686918,2019,20,"HUMAN_OBSERVATION"
"Parthenium hysterophorus",78.528253,17.440856,2019,NA,"HUMAN_OBSERVATION"
"Parthenium hysterophorus",77.906212,18.533747,2019,NA,"HUMAN_OBSERVATION"
"Parthenium hysterophorus",75.363235,19.881552,2019,6,"HUMAN_OBSERVATION"
"Parthenium hysterophorus",78.653027,28.823315,2019,17,"HUMAN_OBSERVATION"
"Parthenium hysterophorus",76.080998,21.131681,2019,13,"HUMAN_OBSERVATION"
"Parthenium hysterophorus",75.543137,14.681954,2019,NA,"HUMAN_OBSERVATION"
"Parthenium hysterophorus",77.507656,12.944462,2019,NA,"HUMAN_OBSERVATION"
"Parthenium hysterophorus",77.609645,14.670264,2019,NA,"HUMAN_OBSERVATION"
"Parthenium hysterophorus",85.338128,23.396011,2019,NA,"HUMAN_OBSERVATION"
"Parthenium hysterophorus",75.061742,19.186232,2019,7,"HUMAN_OBSERVATION"
"Parthenium hysterophorus",80.396946,15.952723,2019,6,"HUMAN_OBSERVATION"
"Parthenium hysterophorus",76.737615,11.253012,2019,11,"HUMAN_OBSERVATION"
"Parthenium hysterophorus",84.249779,25.381048,2019,NA,"HUMAN_OBSERVATION"
"Parthenium hysterophorus",77.209709,28.708029,2019,116,"HUMAN_OBSERVATION"
"Parthenium hysterophorus",78.44536,17.535099,2019,NA,"HUMAN_OBSERVATION"
"Parthenium hysterophorus",76.524797,19.984634,2019,NA,"HUMAN_OBSERVATION"
"Parthenium hysterophorus",78.653124,28.823346,2019,21,"HUMAN_OBSERVATION"
"Parthenium hysterophorus",80.201673,12.88899,2019,2,"HUMAN_OBSERVATION"
"Parthenium hysterophorus",83.382778,25.542565,2019,NA,"HUMAN_OBSERVATION"
"Parthenium hysterophorus",79.500121,11.961792,2019,NA,"HUMAN_OBSERVATION"
"Parthenium hysterophorus",76.778978,26.968453,2019,5,"HUMAN_OBSERVATION"
"Parthenium hysterophorus",77.720512,27.116189,2019,5,"HUMAN_OBSERVATION"
"Parthenium hysterophorus",79.151443,15.883617,2019,NA,"HUMAN_OBSERVATION"
"Parthenium hysterophorus",79.223875,15.996915,2019,NA,"HUMAN_OBSERVATION"
"Parthenium hysterophorus",78.441905,17.440828,2019,NA,"HUMAN_OBSERVATION"
"Parthenium hysterophorus",77.259732,16.108288,2019,NA,"HUMAN_OBSERVATION"
"Parthenium hysterophorus",81.047002,26.894124,2019,NA,"HUMAN_OBSERVATION"
"Parthenium hysterophorus",77.318081,11.069834,2019,37,"HUMAN_OBSERVATION"
"Parthenium hysterophorus",87.539835,23.195495,2019,6,"HUMAN_OBSERVATION"
"Parthenium hysterophorus",77.883713,26.696276,2019,NA,"HUMAN_OBSERVATION"
"Parthenium hysterophorus",78.647498,14.779383,2019,NA,"HUMAN_OBSERVATION"
"Parthenium hysterophorus",81.08199,21.412015,2019,NA,"HUMAN_OBSERVATION"
"Parthenium hysterophorus",83.892189,26.743359,2019,NA,"HUMAN_OBSERVATION"
"Parthenium hysterophorus",78.193,27.248132,2019,8,"HUMAN_OBSERVATION"
"Parthenium hysterophorus",78.647498,14.779383,2019,NA,"HUMAN_OBSERVATION"
"Parthenium hysterophorus",72.076258,21.397535,2019,NA,"HUMAN_OBSERVATION"
"Parthenium hysterophorus",76.94224,11.017851,2019,NA,"HUMAN_OBSERVATION"
"Parthenium hysterophorus",72.898345,19.122801,2019,65,"HUMAN_OBSERVATION"
"Parthenium hysterophorus",79.411982,28.98738,2019,19,"HUMAN_OBSERVATION"
"Parthenium hysterophorus",70.364083,20.909132,2019,39,"HUMAN_OBSERVATION"
"Parthenium hysterophorus",76.643283,12.311901,2019,NA,"HUMAN_OBSERVATION"
"Parthenium hysterophorus",83.469466,20.700073,2019,NA,"HUMAN_OBSERVATION"
"Parthenium hysterophorus",85.825061,20.29443,2019,26,"HUMAN_OBSERVATION"
"Parthenium hysterophorus",76.642897,12.311779,2019,NA,"HUMAN_OBSERVATION"
"Parthenium hysterophorus",78.414721,17.399359,2019,NA,"HUMAN_OBSERVATION"
"Parthenium hysterophorus",78.945,22.096667,2019,NA,"HUMAN_OBSERVATION"
"Parthenium hysterophorus",76.539611,21.05012,2019,NA,"HUMAN_OBSERVATION"
"Parthenium hysterophorus",77.380351,11.084033,2019,NA,"HUMAN_OBSERVATION"
"Parthenium hysterophorus",76.690833,30.709167,2019,NA,"HUMAN_OBSERVATION"
"Parthenium hysterophorus",77.044073,30.249947,2019,25,"HUMAN_OBSERVATION"
"Parthenium hysterophorus",77.522306,28.419418,2019,NA,"HUMAN_OBSERVATION"
"Parthenium hysterophorus",77.047368,30.253333,2019,8,"HUMAN_OBSERVATION"
"Parthenium hysterophorus",77.03549,28.816932,2019,2,"HUMAN_OBSERVATION"
"Parthenium hysterophorus",83.890486,26.743495,2019,NA,"HUMAN_OBSERVATION"
"Parthenium hysterophorus",82.384342,26.218207,2019,NA,"HUMAN_OBSERVATION"
"Parthenium hysterophorus",83.893845,26.744898,2019,NA,"HUMAN_OBSERVATION"
"Parthenium hysterophorus",79.36772,19.784578,2019,NA,"HUMAN_OBSERVATION"
"Parthenium hysterophorus",78.736974,10.896551,2019,9,"HUMAN_OBSERVATION"
"Parthenium hysterophorus",78.0982,9.79631,2019,NA,"HUMAN_OBSERVATION"
"Parthenium hysterophorus",77.269125,28.374551,2019,26,"HUMAN_OBSERVATION"
"Parthenium hysterophorus",73.58,18.2,2019,NA,"PRESERVED_SPECIMEN"
"Parthenium hysterophorus",74.457964,19.09181,2019,NA,"HUMAN_OBSERVATION"
"Parthenium hysterophorus",84.908406,22.273396,2019,NA,"HUMAN_OBSERVATION"
"Parthenium hysterophorus",77.15055,12.279354,2019,NA,"HUMAN_OBSERVATION"
"Parthenium hysterophorus",79.484978,18.970036,2019,NA,"HUMAN_OBSERVATION"
"Parthenium hysterophorus",79.486031,18.970829,2019,NA,"HUMAN_OBSERVATION"
"Parthenium hysterophorus",81.693177,25.467087,2019,12,"HUMAN_OBSERVATION"
"Parthenium hysterophorus",76.608955,13.418875,2019,NA,"HUMAN_OBSERVATION"
"Parthenium hysterophorus",81.847903,25.456553,2019,8,"HUMAN_OBSERVATION"
"Parthenium hysterophorus",81.847903,25.456553,2019,8,"HUMAN_OBSERVATION"
"Parthenium hysterophorus",73.029537,22.506928,2019,10,"HUMAN_OBSERVATION"
"Parthenium hysterophorus",75.01941,18.109936,2019,23,"HUMAN_OBSERVATION"
"Parthenium hysterophorus",77.670923,11.313455,2019,NA,"HUMAN_OBSERVATION"
"Parthenium hysterophorus",74.54214,20.072371,2019,NA,"HUMAN_OBSERVATION"
"Parthenium hysterophorus",79.535893,13.478202,2019,18,"HUMAN_OBSERVATION"
"Parthenium hysterophorus",74.048782,20.217384,2019,NA,"HUMAN_OBSERVATION"
"Parthenium hysterophorus",80.094567,13.21437,2019,NA,"HUMAN_OBSERVATION"
"Parthenium hysterophorus",75.585707,13.986745,2019,NA,"HUMAN_OBSERVATION"
"Parthenium hysterophorus",78.510328,19.541997,2019,NA,"HUMAN_OBSERVATION"
"Parthenium hysterophorus",76.972802,10.997398,2019,110,"HUMAN_OBSERVATION"
"Parthenium hysterophorus",83.070649,26.7795,2019,NA,"HUMAN_OBSERVATION"
"Parthenium hysterophorus",83.829238,25.995865,2019,NA,"HUMAN_OBSERVATION"
"Parthenium hysterophorus",76.384529,21.871557,2019,NA,"HUMAN_OBSERVATION"
"Parthenium hysterophorus",77.867989,29.877037,2019,NA,"HUMAN_OBSERVATION"
"Parthenium hysterophorus",74.405855,19.361801,2019,9,"HUMAN_OBSERVATION"
"Parthenium hysterophorus",77.854058,10.436965,2019,NA,"HUMAN_OBSERVATION"
"Parthenium hysterophorus",78.510328,19.541997,2019,NA,"HUMAN_OBSERVATION"
"Parthenium hysterophorus",76.938125,13.836574,2019,5,"HUMAN_OBSERVATION"
"Parthenium hysterophorus",76.200652,31.455509,2019,NA,"HUMAN_OBSERVATION"
"Parthenium hysterophorus",78.12784,28.451472,2019,NA,"HUMAN_OBSERVATION"
"Parthenium hysterophorus",75.991965,31.443188,2019,NA,"HUMAN_OBSERVATION"
"Parthenium hysterophorus",81.774981,25.428048,2019,37,"HUMAN_OBSERVATION"
"Parthenium hysterophorus",73.909946,19.624169,2019,NA,"HUMAN_OBSERVATION"
"Parthenium hysterophorus",83.541498,25.370898,2019,NA,"HUMAN_OBSERVATION"
"Parthenium hysterophorus",77.134568,11.021294,2019,19,"HUMAN_OBSERVATION"
"Parthenium hysterophorus",76.492002,11.501468,2019,NA,"HUMAN_OBSERVATION"
"Parthenium hysterophorus",81.853054,25.461025,2019,NA,"HUMAN_OBSERVATION"
"Parthenium hysterophorus",81.672487,19.585957,2019,44,"HUMAN_OBSERVATION"
"Parthenium hysterophorus",78.540353,20.020753,2019,NA,"HUMAN_OBSERVATION"
"Parthenium hysterophorus",81.853046,25.461153,2019,NA,"HUMAN_OBSERVATION"
"Parthenium hysterophorus",88.46363,22.44179,2019,105,"HUMAN_OBSERVATION"
"Parthenium hysterophorus",82.990289,25.302483,2018,10,"HUMAN_OBSERVATION"
"Parthenium hysterophorus",92.748116,24.701126,2018,NA,"HUMAN_OBSERVATION"
"Parthenium hysterophorus",92.751907,24.686029,2018,NA,"HUMAN_OBSERVATION"
"Parthenium hysterophorus",76.79528,10.951783,2018,10,"HUMAN_OBSERVATION"
"Parthenium hysterophorus",78.580987,28.92582,2018,NA,"HUMAN_OBSERVATION"
"Parthenium hysterophorus",83.190137,23.125002,2018,10,"HUMAN_OBSERVATION"
"Parthenium hysterophorus",88.103206,22.966202,2018,11,"HUMAN_OBSERVATION"
"Parthenium hysterophorus",77.844205,30.35843,2018,17,"HUMAN_OBSERVATION"
"Parthenium hysterophorus",88.378381,22.919725,2018,10,"HUMAN_OBSERVATION"
"Parthenium hysterophorus",77.037155,11.033663,2018,13,"HUMAN_OBSERVATION"
"Parthenium hysterophorus",77.766726,30.00954,2018,10,"HUMAN_OBSERVATION"
"Parthenium hysterophorus",77.766778,30.009491,2018,10,"HUMAN_OBSERVATION"
"Parthenium hysterophorus",74.163899,20.18845,2018,18,"HUMAN_OBSERVATION"
"Parthenium hysterophorus",77.150932,12.978563,2018,NA,"HUMAN_OBSERVATION"
"Parthenium hysterophorus",77.651634,28.826115,2018,10,"HUMAN_OBSERVATION"
"Parthenium hysterophorus",77.766313,30.009678,2018,24,"HUMAN_OBSERVATION"
"Parthenium hysterophorus",77.15958,12.998473,2018,12,"HUMAN_OBSERVATION"
"Parthenium hysterophorus",77.948389,10.100537,2018,18,"HUMAN_OBSERVATION"
"Parthenium hysterophorus",77.660899,13.090956,2018,10,"HUMAN_OBSERVATION"
"Parthenium hysterophorus",79.956081,27.849072,2018,10,"HUMAN_OBSERVATION"
"Parthenium hysterophorus",86.265288,26.421908,2018,22,"HUMAN_OBSERVATION"
"Parthenium hysterophorus",82.039703,19.06632,2018,12,"HUMAN_OBSERVATION"
"Parthenium hysterophorus",78.8325,16.382222,2018,NA,"HUMAN_OBSERVATION"
"Parthenium hysterophorus",87.190824,23.57904,2018,10,"HUMAN_OBSERVATION"
"Parthenium hysterophorus",77.376785,27.826811,2018,NA,"HUMAN_OBSERVATION"
"Parthenium hysterophorus",77.697298,29.092944,2018,10,"HUMAN_OBSERVATION"
"Parthenium hysterophorus",77.718268,29.087489,2018,15,"HUMAN_OBSERVATION"
"Parthenium hysterophorus",77.532948,12.90275,2018,18,"HUMAN_OBSERVATION"
"Parthenium hysterophorus",82.994875,24.457839,2018,10,"HUMAN_OBSERVATION"
"Parthenium hysterophorus",74.442608,19.579397,2018,10,"HUMAN_OBSERVATION"
"Parthenium hysterophorus",78.812122,25.610121,2018,10,"HUMAN_OBSERVATION"
"Parthenium hysterophorus",76.660481,15.604986,2018,20,"HUMAN_OBSERVATION"
"Parthenium hysterophorus",77.113462,28.739028,2018,24,"HUMAN_OBSERVATION"
"Parthenium hysterophorus",76.617689,27.559754,2018,10,"HUMAN_OBSERVATION"
"Parthenium hysterophorus",76.660469,15.605033,2018,12,"HUMAN_OBSERVATION"
"Parthenium hysterophorus",78.50837,12.033872,2018,16,"HUMAN_OBSERVATION"
"Parthenium hysterophorus",76.789474,11.095321,2018,NA,"HUMAN_OBSERVATION"
"Parthenium hysterophorus",76.785782,11.092623,2018,NA,"HUMAN_OBSERVATION"
"Parthenium hysterophorus",82.756639,20.290607,2018,16,"HUMAN_OBSERVATION"
"Parthenium hysterophorus",79.198988,21.178303,2018,10,"HUMAN_OBSERVATION"
"Parthenium hysterophorus",74.678324,16.717193,2018,10,"HUMAN_OBSERVATION"
"Parthenium hysterophorus",87.814018,23.30088,2018,NA,"HUMAN_OBSERVATION"
"Parthenium hysterophorus",82.756539,20.290658,2018,24,"HUMAN_OBSERVATION"
"Parthenium hysterophorus",87.829515,23.312189,2018,11,"HUMAN_OBSERVATION"
"Parthenium hysterophorus",87.829515,23.312189,2018,11,"HUMAN_OBSERVATION"
"Parthenium hysterophorus",77.723512,12.87705,2018,NA,"HUMAN_OBSERVATION"
"Parthenium hysterophorus",77.723512,12.87705,2018,NA,"HUMAN_OBSERVATION"
"Parthenium hysterophorus",73.998763,20.18369,2018,12,"HUMAN_OBSERVATION"
"Parthenium hysterophorus",79.907275,18.116124,2018,10,"HUMAN_OBSERVATION"
"Parthenium hysterophorus",75.426427,20.830676,2018,14,"HUMAN_OBSERVATION"
"Parthenium hysterophorus",74.749999,19.123309,2018,25,"HUMAN_OBSERVATION"
"Parthenium hysterophorus",78.573868,25.454501,2018,10,"HUMAN_OBSERVATION"
"Parthenium hysterophorus",77.723512,12.87705,2018,NA,"HUMAN_OBSERVATION"
"Parthenium hysterophorus",77.647568,28.826223,2018,NA,"HUMAN_OBSERVATION"
"Parthenium hysterophorus",76.302205,23.426857,2018,3,"HUMAN_OBSERVATION"
"Parthenium hysterophorus",77.933568,27.584235,2018,3,"HUMAN_OBSERVATION"
"Parthenium hysterophorus",75.838507,27.069418,2018,4,"HUMAN_OBSERVATION"
"Parthenium hysterophorus",74.421234,23.560129,2018,NA,"HUMAN_OBSERVATION"
"Parthenium hysterophorus",74.421234,23.560129,2018,NA,"HUMAN_OBSERVATION"
"Parthenium hysterophorus",79.30178,12.568837,2018,5,"HUMAN_OBSERVATION"
"Parthenium hysterophorus",76.519224,30.956735,2018,8,"HUMAN_OBSERVATION"
"Parthenium hysterophorus",77.933544,27.584333,2018,4,"HUMAN_OBSERVATION"
"Parthenium hysterophorus",80.751262,26.921305,2018,13,"HUMAN_OBSERVATION"
"Parthenium hysterophorus",77.494562,28.463467,2018,15,"HUMAN_OBSERVATION"
"Parthenium hysterophorus",80.990116,16.884056,2018,14,"HUMAN_OBSERVATION"
"Parthenium hysterophorus",78.000539,30.272547,2018,3,"HUMAN_OBSERVATION"
"Parthenium hysterophorus",78.51661,29.314258,2018,23,"HUMAN_OBSERVATION"
"Parthenium hysterophorus",76.661046,16.522314,2018,16,"HUMAN_OBSERVATION"
"Parthenium hysterophorus",81.628334,21.30611,2018,NA,"HUMAN_OBSERVATION"
"Parthenium hysterophorus",87.742841,21.767115,2018,10,"HUMAN_OBSERVATION"
"Parthenium hysterophorus",74.551733,30.69563,2018,12,"HUMAN_OBSERVATION"
"Parthenium hysterophorus",79.540061,13.322871,2018,4,"HUMAN_OBSERVATION"
"Parthenium hysterophorus",82.234713,16.810505,2018,5,"HUMAN_OBSERVATION"
"Parthenium hysterophorus",87.742841,21.767115,2018,10,"HUMAN_OBSERVATION"
"Parthenium hysterophorus",83.057724,24.794915,2018,5,"HUMAN_OBSERVATION"
"Parthenium hysterophorus",74.55178,30.695668,2018,8,"HUMAN_OBSERVATION"
"Parthenium hysterophorus",75.772144,18.631586,2018,3,"HUMAN_OBSERVATION"
"Parthenium hysterophorus",79.076853,12.135391,2018,17,"HUMAN_OBSERVATION"
"Parthenium hysterophorus",69.99831,21.604103,2018,7,"HUMAN_OBSERVATION"
"Parthenium hysterophorus",78.007448,16.722317,2018,4,"HUMAN_OBSERVATION"
"Parthenium hysterophorus",82.234732,16.810495,2018,3,"HUMAN_OBSERVATION"
"Parthenium hysterophorus",72.981376,23.536903,2018,7,"HUMAN_OBSERVATION"
"Parthenium hysterophorus",79.540062,13.322843,2018,3,"HUMAN_OBSERVATION"
"Parthenium hysterophorus",79.398042,15.442297,2018,14,"HUMAN_OBSERVATION"
"Parthenium hysterophorus",81.789425,21.150159,2018,16,"HUMAN_OBSERVATION"
"Parthenium hysterophorus",69.8378,22.3717,2017,65,"HUMAN_OBSERVATION"
"Parthenium hysterophorus",76.43185,26.066524,2017,977,"HUMAN_OBSERVATION"
"Parthenium hysterophorus",77.605737,12.981527,2017,9,"HUMAN_OBSERVATION"
"Parthenium hysterophorus",77.630836,13.038934,2017,24,"HUMAN_OBSERVATION"
"Parthenium hysterophorus",84.287649,26.402032,2017,7,"HUMAN_OBSERVATION"
"Parthenium hysterophorus",69.8396,22.3684,2017,5,"HUMAN_OBSERVATION"
"Parthenium hysterophorus",78.888908,20.587591,2017,8,"HUMAN_OBSERVATION"
"Parthenium hysterophorus",76.60887,12.275592,2017,18,"HUMAN_OBSERVATION"
"Parthenium hysterophorus",70.869294,22.86183,2017,4,"HUMAN_OBSERVATION"
"Parthenium hysterophorus",73.890358,18.532431,2017,NA,"HUMAN_OBSERVATION"
"Parthenium hysterophorus",85.183823,25.599614,2017,23,"HUMAN_OBSERVATION"
"Parthenium hysterophorus",78.784801,17.87667,2017,9,"HUMAN_OBSERVATION"
"Parthenium hysterophorus",78.784801,17.87667,2017,9,"HUMAN_OBSERVATION"
"Parthenium hysterophorus",81.342832,21.402796,2017,8,"HUMAN_OBSERVATION"
"Parthenium hysterophorus",77.162842,28.644352,2017,NA,"HUMAN_OBSERVATION"
"Parthenium hysterophorus",81.342875,21.402772,2017,4,"HUMAN_OBSERVATION"
"Parthenium hysterophorus",78.301481,17.360238,2017,31,"HUMAN_OBSERVATION"
"Parthenium hysterophorus",69.837,22.3708,2017,65,"HUMAN_OBSERVATION"
"Parthenium hysterophorus",80.926192,26.927672,2017,22,"HUMAN_OBSERVATION"
"Parthenium hysterophorus",77.906133,21.901386,2017,12,"HUMAN_OBSERVATION"
"Parthenium hysterophorus",79.382988,13.210603,2017,7,"HUMAN_OBSERVATION"
"Parthenium hysterophorus",80.926192,26.927672,2017,22,"HUMAN_OBSERVATION"
"Parthenium hysterophorus",75.883942,17.964546,2017,NA,"HUMAN_OBSERVATION"
"Parthenium hysterophorus",78.617012,17.228132,2017,11,"HUMAN_OBSERVATION"
"Parthenium hysterophorus",75.856554,17.836264,2017,3,"HUMAN_OBSERVATION"
"Parthenium hysterophorus",69.8385,22.3683,2016,92,"HUMAN_OBSERVATION"
"Parthenium hysterophorus",77.418358,10.779475,2016,NA,"HUMAN_OBSERVATION"
"Parthenium hysterophorus",76.768099,30.763656,2016,49,"HUMAN_OBSERVATION"
"Parthenium hysterophorus",82.99034,18.280568,2016,196,"HUMAN_OBSERVATION"
"Parthenium hysterophorus",77.263039,23.31238,2016,NA,"HUMAN_OBSERVATION"
"Parthenium hysterophorus",76.249826,30.6238,2016,13,"HUMAN_OBSERVATION"
"Parthenium hysterophorus",77.736969,22.744108,2015,NA,"HUMAN_OBSERVATION"
"Parthenium hysterophorus",80.563884,29.878825,2015,NA,"HUMAN_OBSERVATION"
"Parthenium hysterophorus",80.571061,29.920831,2015,NA,"HUMAN_OBSERVATION"
"Parthenium hysterophorus",80.590872,29.949966,2015,NA,"HUMAN_OBSERVATION"
"Parthenium hysterophorus",80.615783,29.962219,2015,NA,"HUMAN_OBSERVATION"
"Parthenium hysterophorus",80.536832,29.847072,2015,NA,"HUMAN_OBSERVATION"
"Parthenium hysterophorus",80.516792,29.827681,2015,NA,"HUMAN_OBSERVATION"
"Parthenium hysterophorus",80.409642,29.797036,2015,NA,"HUMAN_OBSERVATION"
"Parthenium hysterophorus",80.408529,29.797456,2015,NA,"HUMAN_OBSERVATION"
"Parthenium hysterophorus",80.492191,29.797424,2015,NA,"HUMAN_OBSERVATION"
"Parthenium hysterophorus",80.469906,29.800972,2015,NA,"HUMAN_OBSERVATION"
"Parthenium hysterophorus",73.788597,18.558689,2015,NA,"HUMAN_OBSERVATION"
"Parthenium hysterophorus",76.35215,26.037777,2015,NA,"HUMAN_OBSERVATION"
"Parthenium hysterophorus",77.073799,28.638754,2015,NA,"HUMAN_OBSERVATION"
"Parthenium hysterophorus",73.776161,18.567854,2015,NA,"HUMAN_OBSERVATION"
"Parthenium hysterophorus",77.578743,13.067716,2015,NA,"HUMAN_OBSERVATION"
"Parthenium hysterophorus",77.6194,13.062634,2015,NA,"HUMAN_OBSERVATION"
"Parthenium hysterophorus",76.587776,20.712366,2015,NA,"HUMAN_OBSERVATION"
"Parthenium hysterophorus",78.314473,30.14822,2014,15,"HUMAN_OBSERVATION"
"Parthenium hysterophorus",77.046051,28.59214,2014,NA,"HUMAN_OBSERVATION"
"Parthenium hysterophorus",73.065722,19.055801,2014,211,"HUMAN_OBSERVATION"
"Parthenium hysterophorus",79.045776,21.129341,2014,NA,"HUMAN_OBSERVATION"
"Parthenium hysterophorus",79.809837,11.912201,2014,NA,"HUMAN_OBSERVATION"
"Parthenium hysterophorus",77.620255,13.06445,2013,NA,"HUMAN_OBSERVATION"
"Parthenium hysterophorus",77.749947,12.9698,2013,NA,"HUMAN_OBSERVATION"
"Parthenium hysterophorus",76.665344,11.60045,2013,NA,"HUMAN_OBSERVATION"
"Parthenium hysterophorus",77.585716,12.910491,2013,NA,"HUMAN_OBSERVATION"
"Parthenium hysterophorus",73.8507,18.531057,2012,250,"HUMAN_OBSERVATION"
"Parthenium hysterophorus",73.8507,18.531057,2012,250,"HUMAN_OBSERVATION"
"Parthenium hysterophorus",77.607597,13.085397,2012,NA,"HUMAN_OBSERVATION"
"Parthenium hysterophorus",79.0193,30.066753,2011,NA,"HUMAN_OBSERVATION"
"Parthenium hysterophorus",92.77549,26.825659,2010,NA,"HUMAN_OBSERVATION"
"Parthenium hysterophorus",79.7659,11.9523,2009,NA,"PRESERVED_SPECIMEN"
"Parthenium hysterophorus",77.547783,13.125712,2005,NA,"HUMAN_OBSERVATION"
"Parthenium hysterophorus",76.990486,29.685694,2004,NA,"HUMAN_OBSERVATION"
"Parthenium hysterophorus",76.4742,15.3193,1996,NA,"PRESERVED_SPECIMEN"
"Parthenium hysterophorus",77.97496,30.286517,1993,NA,"PRESERVED_SPECIMEN"
